0.000000e+00	-3.946734e-01
1.000000e-05	-4.241705e-01
2.000000e-05	-4.319640e-01
3.000000e-05	-4.235871e-01
4.000000e-05	-4.043923e-01
5.000000e-05	-3.771650e-01
6.000000e-05	-3.448017e-01
7.000000e-05	-3.093455e-01
8.000000e-05	-2.663851e-01
9.000000e-05	-2.052571e-01
1.000000e-04	-1.212450e-01
1.100000e-04	-2.809403e-02
1.200000e-04	4.801242e-02
1.300000e-04	9.344910e-02
1.400000e-04	1.259191e-01
1.500000e-04	1.819232e-01
1.600000e-04	2.795835e-01
1.700000e-04	3.933391e-01
1.800000e-04	4.690813e-01
1.900000e-04	4.678509e-01
2.000000e-04	3.966235e-01
2.100000e-04	2.983322e-01
2.200000e-04	2.145083e-01
2.300000e-04	1.578750e-01
2.400000e-04	1.161316e-01
2.500000e-04	7.432846e-02
2.600000e-04	2.935183e-02
2.700000e-04	-1.413534e-02
2.800000e-04	-5.508628e-02
2.900000e-04	-9.990468e-02
3.000000e-04	-1.562664e-01
3.100000e-04	-2.244244e-01
3.200000e-04	-2.923662e-01
3.300000e-04	-3.368939e-01
3.400000e-04	-3.321911e-01
3.500000e-04	-2.655233e-01
3.600000e-04	-1.510866e-01
3.700000e-04	-2.697127e-02
3.800000e-04	6.910041e-02
3.900000e-04	1.270240e-01
4.000000e-04	1.676133e-01
4.100000e-04	2.162833e-01
4.200000e-04	2.734696e-01
4.300000e-04	3.137370e-01
4.400000e-04	3.146725e-01
4.500000e-04	2.829413e-01
4.600000e-04	2.481001e-01
4.700000e-04	2.321532e-01
4.800000e-04	2.303747e-01
4.900000e-04	2.238856e-01
5.000000e-04	2.056611e-01
5.100000e-04	1.866183e-01
5.200000e-04	1.750694e-01
5.300000e-04	1.575544e-01
5.400000e-04	1.085928e-01
5.500000e-04	2.158580e-02
5.600000e-04	-7.410865e-02
5.700000e-04	-1.313412e-01
5.800000e-04	-1.219944e-01
5.900000e-04	-5.726085e-02
6.000000e-04	2.446949e-02
6.100000e-04	8.596010e-02
6.200000e-04	1.100849e-01
6.300000e-04	1.008097e-01
6.400000e-04	7.554555e-02
6.500000e-04	5.773524e-02
6.600000e-04	6.820482e-02
6.700000e-04	1.128108e-01
6.800000e-04	1.737697e-01
6.900000e-04	2.160680e-01
7.000000e-04	2.087092e-01
7.100000e-04	1.451805e-01
7.200000e-04	4.686271e-02
7.300000e-04	-5.159920e-02
7.400000e-04	-1.216212e-01
7.500000e-04	-1.516199e-01
7.600000e-04	-1.469262e-01
7.700000e-04	-1.233216e-01
7.800000e-04	-9.834764e-02
7.900000e-04	-8.265697e-02
8.000000e-04	-7.505826e-02
8.100000e-04	-6.540101e-02
8.200000e-04	-4.424786e-02
8.300000e-04	-1.160074e-02
8.400000e-04	2.264233e-02
8.500000e-04	4.580950e-02
8.600000e-04	5.007475e-02
8.700000e-04	3.545735e-02
8.800000e-04	8.932795e-03
8.900000e-04	-1.819334e-02
9.000000e-04	-3.526255e-02
9.100000e-04	-3.958071e-02
9.200000e-04	-4.044625e-02
9.300000e-04	-5.278021e-02
9.400000e-04	-8.268908e-02
9.500000e-04	-1.189568e-01
9.600000e-04	-1.422125e-01
9.700000e-04	-1.456145e-01
9.800000e-04	-1.462673e-01
9.900000e-04	-1.736709e-01
1.000000e-03	-2.445349e-01
1.010000e-03	-3.472301e-01
1.020000e-03	-4.490227e-01
1.030000e-03	-5.174676e-01
1.040000e-03	-5.376657e-01
1.050000e-03	-5.161219e-01
1.060000e-03	-4.745951e-01
1.070000e-03	-4.394853e-01
1.080000e-03	-4.283496e-01
1.090000e-03	-4.372961e-01
1.100000e-03	-4.398857e-01
1.110000e-03	-4.051848e-01
1.120000e-03	-3.251709e-01
1.130000e-03	-2.274205e-01
1.140000e-03	-1.581427e-01
1.150000e-03	-1.479220e-01
1.160000e-03	-1.894945e-01
1.170000e-03	-2.448103e-01
1.180000e-03	-2.715002e-01
1.190000e-03	-2.459833e-01
1.200000e-03	-1.711968e-01
1.210000e-03	-7.267674e-02
1.220000e-03	1.129144e-02
1.230000e-03	4.599417e-02
1.240000e-03	2.058972e-02
1.250000e-03	-4.211083e-02
1.260000e-03	-1.008346e-01
1.270000e-03	-1.281290e-01
1.280000e-03	-1.295167e-01
1.290000e-03	-1.281800e-01
1.300000e-03	-1.309491e-01
1.310000e-03	-1.153456e-01
1.320000e-03	-5.613535e-02
1.330000e-03	3.649455e-02
1.340000e-03	1.127019e-01
1.350000e-03	1.233764e-01
1.360000e-03	6.573806e-02
1.370000e-03	-1.337338e-02
1.380000e-03	-6.003662e-02
1.390000e-03	-5.807282e-02
1.400000e-03	-3.370100e-02
1.410000e-03	-2.225851e-02
1.420000e-03	-3.592999e-02
1.430000e-03	-6.272511e-02
1.440000e-03	-8.898958e-02
1.450000e-03	-1.153907e-01
1.460000e-03	-1.499796e-01
1.470000e-03	-1.899596e-01
1.480000e-03	-2.142095e-01
1.490000e-03	-1.951888e-01
1.500000e-03	-1.204303e-01
1.510000e-03	-7.392867e-03
1.520000e-03	9.907782e-02
1.530000e-03	1.476778e-01
1.540000e-03	1.102073e-01
1.550000e-03	9.506339e-04
1.560000e-03	-1.312803e-01
1.570000e-03	-2.367453e-01
1.580000e-03	-2.983031e-01
1.590000e-03	-3.353793e-01
1.600000e-03	-3.752618e-01
1.610000e-03	-4.212385e-01
1.620000e-03	-4.502191e-01
1.630000e-03	-4.403239e-01
1.640000e-03	-3.962824e-01
1.650000e-03	-3.444267e-01
1.660000e-03	-3.048915e-01
1.670000e-03	-2.743093e-01
1.680000e-03	-2.380492e-01
1.690000e-03	-1.948779e-01
1.700000e-03	-1.625822e-01
1.710000e-03	-1.572096e-01
1.720000e-03	-1.712610e-01
1.730000e-03	-1.778820e-01
1.740000e-03	-1.572696e-01
1.750000e-03	-1.153186e-01
1.760000e-03	-7.358254e-02
1.770000e-03	-4.240074e-02
1.780000e-03	-7.311760e-03
1.790000e-03	5.685396e-02
1.800000e-03	1.597277e-01
1.810000e-03	2.832867e-01
1.820000e-03	3.930375e-01
1.830000e-03	4.587579e-01
1.840000e-03	4.665604e-01
1.850000e-03	4.179064e-01
1.860000e-03	3.240579e-01
1.870000e-03	2.030491e-01
1.880000e-03	7.699547e-02
1.890000e-03	-3.514681e-02
1.900000e-03	-1.269816e-01
1.910000e-03	-2.071407e-01
1.920000e-03	-2.897376e-01
1.930000e-03	-3.794350e-01
1.940000e-03	-4.643988e-01
1.950000e-03	-5.239901e-01
1.960000e-03	-5.442417e-01
1.970000e-03	-5.266647e-01
1.980000e-03	-4.826015e-01
1.990000e-03	-4.200441e-01
2.000000e-03	-3.379356e-01
2.010000e-03	-2.355005e-01
2.020000e-03	-1.275347e-01
2.030000e-03	-4.763583e-02
2.040000e-03	-3.085122e-02
2.050000e-03	-8.764287e-02
2.060000e-03	-1.923126e-01
2.070000e-03	-2.983798e-01
2.080000e-03	-3.697141e-01
2.090000e-03	-4.021722e-01
2.100000e-03	-4.195737e-01
2.110000e-03	-4.505287e-01
2.120000e-03	-5.067267e-01
2.130000e-03	-5.773922e-01
2.140000e-03	-6.382878e-01
2.150000e-03	-6.645160e-01
2.160000e-03	-6.401500e-01
2.170000e-03	-5.647294e-01
2.180000e-03	-4.566696e-01
2.190000e-03	-3.492034e-01
2.200000e-03	-2.758990e-01
2.210000e-03	-2.525037e-01
2.220000e-03	-2.691327e-01
2.230000e-03	-3.006437e-01
2.240000e-03	-3.270709e-01
2.250000e-03	-3.463920e-01
2.260000e-03	-3.694123e-01
2.270000e-03	-4.038427e-01
2.280000e-03	-4.440359e-01
2.290000e-03	-4.754806e-01
2.300000e-03	-4.879543e-01
2.310000e-03	-4.840407e-01
2.320000e-03	-4.761517e-01
2.330000e-03	-4.764343e-01
2.340000e-03	-4.883671e-01
2.350000e-03	-5.046737e-01
2.360000e-03	-5.107322e-01
2.370000e-03	-4.915667e-01
2.380000e-03	-4.412649e-01
2.390000e-03	-3.713534e-01
2.400000e-03	-3.109376e-01
2.410000e-03	-2.937306e-01
2.420000e-03	-3.377809e-01
2.430000e-03	-4.333150e-01
2.440000e-03	-5.500412e-01
2.450000e-03	-6.578890e-01
2.460000e-03	-7.414416e-01
2.470000e-03	-7.947992e-01
2.480000e-03	-8.059104e-01
2.490000e-03	-7.533174e-01
2.500000e-03	-6.255965e-01
2.510000e-03	-4.456102e-01
2.520000e-03	-2.698754e-01
2.530000e-03	-1.552958e-01
2.540000e-03	-1.209407e-01
2.550000e-03	-1.420904e-01
2.560000e-03	-1.829496e-01
2.570000e-03	-2.337035e-01
2.580000e-03	-3.118739e-01
2.590000e-03	-4.262632e-01
2.600000e-03	-5.441099e-01
2.610000e-03	-6.014788e-01
2.620000e-03	-5.520301e-01
2.630000e-03	-4.076398e-01
2.640000e-03	-2.308060e-01
2.650000e-03	-8.649901e-02
2.660000e-03	5.782414e-04
2.670000e-03	4.714804e-02
2.680000e-03	7.877754e-02
2.690000e-03	1.015834e-01
2.700000e-03	1.041044e-01
2.710000e-03	7.960923e-02
2.720000e-03	4.032242e-02
2.730000e-03	9.307566e-03
2.740000e-03	1.885775e-03
2.750000e-03	1.685905e-02
2.760000e-03	4.350708e-02
2.770000e-03	7.342068e-02
2.780000e-03	1.049159e-01
2.790000e-03	1.391050e-01
2.800000e-03	1.750113e-01
2.810000e-03	2.086513e-01
2.820000e-03	2.345138e-01
2.830000e-03	2.465776e-01
2.840000e-03	2.395974e-01
2.850000e-03	2.126446e-01
2.860000e-03	1.730183e-01
2.870000e-03	1.351574e-01
2.880000e-03	1.121958e-01
2.890000e-03	1.055583e-01
2.900000e-03	1.022875e-01
2.910000e-03	8.493868e-02
2.920000e-03	4.792566e-02
2.930000e-03	6.578717e-03
2.940000e-03	-1.139192e-02
2.950000e-03	1.138799e-02
2.960000e-03	6.237696e-02
2.970000e-03	1.013132e-01
2.980000e-03	8.715865e-02
2.990000e-03	1.081725e-02
3.000000e-03	-9.402576e-02
3.010000e-03	-1.741197e-01
3.020000e-03	-1.973543e-01
3.030000e-03	-1.778986e-01
3.040000e-03	-1.648428e-01
3.050000e-03	-2.041313e-01
3.060000e-03	-3.051048e-01
3.070000e-03	-4.366493e-01
3.080000e-03	-5.516961e-01
3.090000e-03	-6.174671e-01
3.100000e-03	-6.292054e-01
3.110000e-03	-6.022539e-01
3.120000e-03	-5.537750e-01
3.130000e-03	-4.893202e-01
3.140000e-03	-4.022670e-01
3.150000e-03	-2.840635e-01
3.160000e-03	-1.366126e-01
3.170000e-03	2.257072e-02
3.180000e-03	1.665144e-01
3.190000e-03	2.718851e-01
3.200000e-03	3.292430e-01
3.210000e-03	3.434694e-01
3.220000e-03	3.261691e-01
3.230000e-03	2.878960e-01
3.240000e-03	2.355946e-01
3.250000e-03	1.738325e-01
3.260000e-03	1.058955e-01
3.270000e-03	3.448211e-02
3.280000e-03	-3.549758e-02
3.290000e-03	-9.309202e-02
3.300000e-03	-1.225058e-01
3.310000e-03	-1.127223e-01
3.320000e-03	-6.908204e-02
3.330000e-03	-1.502985e-02
3.340000e-03	2.004543e-02
3.350000e-03	1.742207e-02
3.360000e-03	-2.329460e-02
3.370000e-03	-8.879240e-02
3.380000e-03	-1.607106e-01
3.390000e-03	-2.205300e-01
3.400000e-03	-2.524203e-01
3.410000e-03	-2.495557e-01
3.420000e-03	-2.214445e-01
3.430000e-03	-1.919246e-01
3.440000e-03	-1.834553e-01
3.450000e-03	-1.988783e-01
3.460000e-03	-2.179762e-01
3.470000e-03	-2.132763e-01
3.480000e-03	-1.708726e-01
3.490000e-03	-9.830817e-02
3.500000e-03	-1.585495e-02
3.510000e-03	5.754363e-02
3.520000e-03	1.122210e-01
3.530000e-03	1.483423e-01
3.540000e-03	1.731962e-01
3.550000e-03	1.959175e-01
3.560000e-03	2.185382e-01
3.570000e-03	2.288017e-01
3.580000e-03	2.053909e-01
3.590000e-03	1.373181e-01
3.600000e-03	4.180418e-02
3.610000e-03	-3.946558e-02
3.620000e-03	-6.707345e-02
3.630000e-03	-3.104216e-02
3.640000e-03	4.578304e-02
3.650000e-03	1.285945e-01
3.660000e-03	1.933625e-01
3.670000e-03	2.320442e-01
3.680000e-03	2.432451e-01
3.690000e-03	2.250780e-01
3.700000e-03	1.779522e-01
3.710000e-03	1.089038e-01
3.720000e-03	2.826127e-02
3.730000e-03	-5.699945e-02
3.740000e-03	-1.422280e-01
3.750000e-03	-2.164923e-01
3.760000e-03	-2.597855e-01
3.770000e-03	-2.545551e-01
3.780000e-03	-2.011269e-01
3.790000e-03	-1.187116e-01
3.800000e-03	-2.944029e-02
3.810000e-03	5.636721e-02
3.820000e-03	1.368380e-01
3.830000e-03	2.034099e-01
3.840000e-03	2.362219e-01
3.850000e-03	2.197970e-01
3.860000e-03	1.623074e-01
3.870000e-03	9.445764e-02
3.880000e-03	4.615697e-02
3.890000e-03	2.464545e-02
3.900000e-03	1.619601e-02
3.910000e-03	7.118984e-03
3.920000e-03	-2.904303e-04
3.930000e-03	6.989884e-03
3.940000e-03	3.466767e-02
3.950000e-03	7.090521e-02
3.960000e-03	9.335821e-02
3.970000e-03	8.480653e-02
3.980000e-03	4.370046e-02
3.990000e-03	-1.519093e-02
4.000000e-03	-6.642733e-02
4.010000e-03	-8.245101e-02
4.020000e-03	-4.441876e-02
4.030000e-03	4.763012e-02
4.040000e-03	1.723158e-01
4.050000e-03	2.964592e-01
4.060000e-03	3.913477e-01
4.070000e-03	4.443444e-01
4.080000e-03	4.590107e-01
4.090000e-03	4.468891e-01
4.100000e-03	4.188939e-01
4.110000e-03	3.809865e-01
4.120000e-03	3.338274e-01
4.130000e-03	2.748422e-01
4.140000e-03	2.018509e-01
4.150000e-03	1.164708e-01
4.160000e-03	2.441717e-02
4.170000e-03	-6.769804e-02
4.180000e-03	-1.552030e-01
4.190000e-03	-2.342123e-01
4.200000e-03	-2.986855e-01
4.210000e-03	-3.415245e-01
4.220000e-03	-3.605084e-01
4.230000e-03	-3.617837e-01
4.240000e-03	-3.543995e-01
4.250000e-03	-3.404843e-01
4.260000e-03	-3.134069e-01
4.270000e-03	-2.686206e-01
4.280000e-03	-2.159659e-01
4.290000e-03	-1.777911e-01
4.300000e-03	-1.718584e-01
4.310000e-03	-1.955416e-01
4.320000e-03	-2.272557e-01
4.330000e-03	-2.427809e-01
4.340000e-03	-2.297708e-01
4.350000e-03	-1.891791e-01
4.360000e-03	-1.285082e-01
4.370000e-03	-5.788678e-02
4.380000e-03	9.099499e-03
4.390000e-03	5.663026e-02
4.400000e-03	7.226779e-02
4.410000e-03	4.990698e-02
4.420000e-03	-1.464047e-02
4.430000e-03	-1.270653e-01
4.440000e-03	-2.850905e-01
4.450000e-03	-4.610082e-01
4.460000e-03	-5.995605e-01
4.470000e-03	-6.465352e-01
4.480000e-03	-5.902042e-01
4.490000e-03	-4.755446e-01
4.500000e-03	-3.709167e-01
4.510000e-03	-3.134655e-01
4.520000e-03	-2.836227e-01
4.530000e-03	-2.321214e-01
4.540000e-03	-1.314782e-01
4.550000e-03	-1.843694e-03
4.560000e-03	1.097813e-01
4.570000e-03	1.707999e-01
4.580000e-03	1.828616e-01
4.590000e-03	1.662980e-01
4.600000e-03	1.325273e-01
4.610000e-03	7.550549e-02
4.620000e-03	-1.168122e-02
4.630000e-03	-1.161454e-01
4.640000e-03	-2.035488e-01
4.650000e-03	-2.379261e-01
4.660000e-03	-2.056225e-01
4.670000e-03	-1.244680e-01
4.680000e-03	-3.322803e-02
4.690000e-03	2.909081e-02
4.700000e-03	4.018858e-02
4.710000e-03	-3.037778e-04
4.720000e-03	-7.610520e-02
4.730000e-03	-1.634463e-01
4.740000e-03	-2.385437e-01
4.750000e-03	-2.824926e-01
4.760000e-03	-2.853925e-01
4.770000e-03	-2.495893e-01
4.780000e-03	-1.888524e-01
4.790000e-03	-1.216493e-01
4.800000e-03	-6.231017e-02
4.810000e-03	-1.689144e-02
4.820000e-03	1.403421e-02
4.830000e-03	3.097243e-02
4.840000e-03	3.572368e-02
4.850000e-03	3.496158e-02
4.860000e-03	3.962542e-02
4.870000e-03	5.668431e-02
4.880000e-03	8.020266e-02
4.890000e-03	9.195779e-02
4.900000e-03	7.282204e-02
4.910000e-03	1.518790e-02
4.920000e-03	-7.296769e-02
4.930000e-03	-1.716851e-01
4.940000e-03	-2.537321e-01
4.950000e-03	-2.892958e-01
4.960000e-03	-2.560547e-01
4.970000e-03	-1.545878e-01
4.980000e-03	-1.622767e-02
4.990000e-03	1.106006e-01
5.000000e-03	1.907735e-01
5.010000e-03	2.245048e-01
5.020000e-03	2.396556e-01
5.030000e-03	2.611445e-01
5.040000e-03	2.876422e-01
5.050000e-03	2.977063e-01
5.060000e-03	2.761764e-01
5.070000e-03	2.315062e-01
5.080000e-03	1.870383e-01
5.090000e-03	1.583306e-01
5.100000e-03	1.415568e-01
5.110000e-03	1.227569e-01
5.120000e-03	9.448333e-02
5.130000e-03	6.114491e-02
5.140000e-03	2.951216e-02
5.150000e-03	-3.260091e-03
5.160000e-03	-5.128426e-02
5.170000e-03	-1.299821e-01
5.180000e-03	-2.429480e-01
5.190000e-03	-3.751633e-01
5.200000e-03	-4.976965e-01
5.210000e-03	-5.828300e-01
5.220000e-03	-6.211524e-01
5.230000e-03	-6.271799e-01
5.240000e-03	-6.255227e-01
5.250000e-03	-6.265273e-01
5.260000e-03	-6.140951e-01
5.270000e-03	-5.609171e-01
5.280000e-03	-4.596565e-01
5.290000e-03	-3.390458e-01
5.300000e-03	-2.454370e-01
5.310000e-03	-2.049027e-01
5.320000e-03	-2.028571e-01
5.330000e-03	-2.023621e-01
5.340000e-03	-1.836346e-01
5.350000e-03	-1.657914e-01
5.360000e-03	-1.896524e-01
5.370000e-03	-2.783978e-01
5.380000e-03	-4.125192e-01
5.390000e-03	-5.396261e-01
5.400000e-03	-6.073909e-01
5.410000e-03	-5.911348e-01
5.420000e-03	-4.983046e-01
5.430000e-03	-3.548572e-01
5.440000e-03	-1.904935e-01
5.450000e-03	-3.312357e-02
5.460000e-03	9.108767e-02
5.470000e-03	1.616730e-01
5.480000e-03	1.741085e-01
5.490000e-03	1.468869e-01
5.500000e-03	1.134256e-01
5.510000e-03	9.892137e-02
5.520000e-03	9.919102e-02
5.530000e-03	8.241092e-02
5.540000e-03	1.731022e-02
5.550000e-03	-9.390757e-02
5.560000e-03	-2.077905e-01
5.570000e-03	-2.666894e-01
5.580000e-03	-2.391322e-01
5.590000e-03	-1.402569e-01
5.600000e-03	-1.823036e-02
5.610000e-03	7.745704e-02
5.620000e-03	1.189228e-01
5.630000e-03	1.021950e-01
5.640000e-03	3.757967e-02
5.650000e-03	-5.875426e-02
5.660000e-03	-1.688930e-01
5.670000e-03	-2.768400e-01
5.680000e-03	-3.714943e-01
5.690000e-03	-4.445192e-01
5.700000e-03	-4.848875e-01
5.710000e-03	-4.803920e-01
5.720000e-03	-4.309117e-01
5.730000e-03	-3.604317e-01
5.740000e-03	-3.079392e-01
5.750000e-03	-2.967226e-01
5.760000e-03	-3.095123e-01
5.770000e-03	-2.985052e-01
5.780000e-03	-2.260505e-01
5.790000e-03	-9.751657e-02
5.800000e-03	4.705670e-02
5.810000e-03	1.734405e-01
5.820000e-03	2.825527e-01
5.830000e-03	3.978550e-01
5.840000e-03	5.257838e-01
5.850000e-03	6.328621e-01
5.860000e-03	6.645282e-01
5.870000e-03	5.872898e-01
5.880000e-03	4.146138e-01
5.890000e-03	1.966481e-01
5.900000e-03	-1.156244e-02
5.910000e-03	-1.754644e-01
5.920000e-03	-2.867552e-01
5.930000e-03	-3.557428e-01
5.940000e-03	-4.005919e-01
5.950000e-03	-4.365830e-01
5.960000e-03	-4.660529e-01
5.970000e-03	-4.750859e-01
5.980000e-03	-4.439599e-01
5.990000e-03	-3.670488e-01
6.000000e-03	-2.649196e-01
6.010000e-03	-1.740388e-01
6.020000e-03	-1.194145e-01
6.030000e-03	-9.387381e-02
6.040000e-03	-6.463745e-02
6.050000e-03	-4.071439e-03
6.060000e-03	8.144409e-02
6.070000e-03	1.508350e-01
6.080000e-03	1.583138e-01
6.090000e-03	8.933688e-02
6.100000e-03	-2.799559e-02
6.110000e-03	-1.449407e-01
6.120000e-03	-2.262998e-01
6.130000e-03	-2.655979e-01
6.140000e-03	-2.707537e-01
6.150000e-03	-2.410272e-01
6.160000e-03	-1.649026e-01
6.170000e-03	-4.373955e-02
6.180000e-03	8.681055e-02
6.190000e-03	1.687228e-01
6.200000e-03	1.639110e-01
6.210000e-03	8.793194e-02
6.220000e-03	-7.406677e-04
6.230000e-03	-4.907936e-02
6.240000e-03	-5.080264e-02
6.250000e-03	-4.343537e-02
6.260000e-03	-6.850382e-02
6.270000e-03	-1.358039e-01
6.280000e-03	-2.218710e-01
6.290000e-03	-2.945655e-01
6.300000e-03	-3.341072e-01
6.310000e-03	-3.349492e-01
6.320000e-03	-2.985446e-01
6.330000e-03	-2.317919e-01
6.340000e-03	-1.493402e-01
6.350000e-03	-6.774125e-02
6.360000e-03	8.428733e-03
6.370000e-03	9.163203e-02
6.380000e-03	1.960550e-01
6.390000e-03	3.152338e-01
6.400000e-03	4.192615e-01
6.410000e-03	4.796256e-01
6.420000e-03	4.979558e-01
6.430000e-03	5.073687e-01
6.440000e-03	5.425153e-01
6.450000e-03	6.071753e-01
6.460000e-03	6.703905e-01
6.470000e-03	6.926572e-01
6.480000e-03	6.555663e-01
6.490000e-03	5.695978e-01
6.500000e-03	4.592855e-01
6.510000e-03	3.442560e-01
6.520000e-03	2.320344e-01
6.530000e-03	1.233245e-01
6.540000e-03	2.089479e-02
6.550000e-03	-6.535339e-02
6.560000e-03	-1.196646e-01
6.570000e-03	-1.278295e-01
6.580000e-03	-8.753387e-02
6.590000e-03	-1.402038e-02
6.600000e-03	6.642641e-02
6.610000e-03	1.329817e-01
6.620000e-03	1.830327e-01
6.630000e-03	2.285594e-01
6.640000e-03	2.796767e-01
6.650000e-03	3.331910e-01
6.660000e-03	3.785578e-01
6.670000e-03	4.126436e-01
6.680000e-03	4.427246e-01
6.690000e-03	4.705542e-01
6.700000e-03	4.755517e-01
6.710000e-03	4.219611e-01
6.720000e-03	2.914731e-01
6.730000e-03	1.123450e-01
6.740000e-03	-4.720532e-02
6.750000e-03	-1.224520e-01
6.760000e-03	-9.787114e-02
6.770000e-03	-1.637262e-02
6.780000e-03	5.460255e-02
6.790000e-03	6.974014e-02
6.800000e-03	2.753793e-02
6.810000e-03	-4.450023e-02
6.820000e-03	-1.205916e-01
6.830000e-03	-1.940718e-01
6.840000e-03	-2.703537e-01
6.850000e-03	-3.482526e-01
6.860000e-03	-4.104948e-01
6.870000e-03	-4.331230e-01
6.880000e-03	-4.062725e-01
6.890000e-03	-3.493206e-01
6.900000e-03	-3.065315e-01
6.910000e-03	-3.219209e-01
6.920000e-03	-4.075031e-01
6.930000e-03	-5.280562e-01
6.940000e-03	-6.186109e-01
6.950000e-03	-6.274704e-01
6.960000e-03	-5.536335e-01
6.970000e-03	-4.466202e-01
6.980000e-03	-3.662413e-01
6.990000e-03	-3.364780e-01
7.000000e-03	-3.349838e-01
7.010000e-03	-3.263437e-01
7.020000e-03	-3.039454e-01
7.030000e-03	-2.968868e-01
7.040000e-03	-3.352906e-01
7.050000e-03	-4.116054e-01
7.060000e-03	-4.797290e-01
7.070000e-03	-4.936995e-01
7.080000e-03	-4.469394e-01
7.090000e-03	-3.746856e-01
7.100000e-03	-3.214935e-01
7.110000e-03	-3.080327e-01
7.120000e-03	-3.246878e-01
7.130000e-03	-3.479167e-01
7.140000e-03	-3.570731e-01
7.150000e-03	-3.397655e-01
7.160000e-03	-2.919136e-01
7.170000e-03	-2.199272e-01
7.180000e-03	-1.406971e-01
7.190000e-03	-7.259086e-02
7.200000e-03	-2.329981e-02
7.210000e-03	1.145462e-02
7.220000e-03	3.642098e-02
7.230000e-03	4.876300e-02
7.240000e-03	4.695510e-02
7.250000e-03	4.584856e-02
7.260000e-03	7.309977e-02
7.270000e-03	1.418348e-01
7.280000e-03	2.274298e-01
7.290000e-03	2.794315e-01
7.300000e-03	2.628686e-01
7.310000e-03	1.878639e-01
7.320000e-03	9.694928e-02
7.330000e-03	2.608056e-02
7.340000e-03	-1.716445e-02
7.350000e-03	-3.937472e-02
7.360000e-03	-3.752646e-02
7.370000e-03	-7.978585e-04
7.380000e-03	6.485433e-02
7.390000e-03	1.263976e-01
7.400000e-03	1.487783e-01
7.410000e-03	1.290871e-01
7.420000e-03	9.673477e-02
7.430000e-03	7.549374e-02
7.440000e-03	5.176930e-02
7.450000e-03	-1.029601e-02
7.460000e-03	-1.212260e-01
7.470000e-03	-2.412879e-01
7.480000e-03	-3.097936e-01
7.490000e-03	-2.988068e-01
7.500000e-03	-2.340963e-01
7.510000e-03	-1.636843e-01
7.520000e-03	-1.115690e-01
7.530000e-03	-6.606517e-02
7.540000e-03	-9.572266e-03
7.550000e-03	4.831984e-02
7.560000e-03	7.111705e-02
7.570000e-03	2.651480e-02
7.580000e-03	-8.440056e-02
7.590000e-03	-2.252683e-01
7.600000e-03	-3.469492e-01
7.610000e-03	-4.141630e-01
7.620000e-03	-4.200961e-01
7.630000e-03	-3.848597e-01
7.640000e-03	-3.413079e-01
7.650000e-03	-3.158073e-01
7.660000e-03	-3.149003e-01
7.670000e-03	-3.266268e-01
7.680000e-03	-3.342578e-01
7.690000e-03	-3.295755e-01
7.700000e-03	-3.152721e-01
7.710000e-03	-2.990566e-01
7.720000e-03	-2.889513e-01
7.730000e-03	-2.919694e-01
7.740000e-03	-3.098575e-01
7.750000e-03	-3.312931e-01
7.760000e-03	-3.327037e-01
7.770000e-03	-2.970770e-01
7.780000e-03	-2.375438e-01
7.790000e-03	-1.974441e-01
7.800000e-03	-2.171784e-01
7.810000e-03	-2.959987e-01
7.820000e-03	-3.891919e-01
7.830000e-03	-4.472221e-01
7.840000e-03	-4.580126e-01
7.850000e-03	-4.492805e-01
7.860000e-03	-4.512873e-01
7.870000e-03	-4.619777e-01
7.880000e-03	-4.495929e-01
7.890000e-03	-3.842713e-01
7.900000e-03	-2.628717e-01
7.910000e-03	-1.077439e-01
7.920000e-03	4.783534e-02
7.930000e-03	1.691139e-01
7.940000e-03	2.260576e-01
7.950000e-03	2.077292e-01
7.960000e-03	1.378627e-01
7.970000e-03	6.713873e-02
7.980000e-03	3.508574e-02
7.990000e-03	3.302855e-02
8.000000e-03	9.060437e-03
8.010000e-03	-8.377193e-02
8.020000e-03	-2.419482e-01
8.030000e-03	-4.128104e-01
8.040000e-03	-5.371262e-01
8.050000e-03	-5.874799e-01
8.060000e-03	-5.711046e-01
8.070000e-03	-5.100772e-01
8.080000e-03	-4.294773e-01
8.090000e-03	-3.591985e-01
8.100000e-03	-3.292656e-01
8.110000e-03	-3.502490e-01
8.120000e-03	-4.009850e-01
8.130000e-03	-4.464859e-01
8.140000e-03	-4.717667e-01
8.150000e-03	-4.912662e-01
8.160000e-03	-5.192799e-01
8.170000e-03	-5.369926e-01
8.180000e-03	-5.010114e-01
8.190000e-03	-3.892114e-01
8.200000e-03	-2.309722e-01
8.210000e-03	-8.380966e-02
8.220000e-03	1.801532e-02
8.230000e-03	8.339688e-02
8.240000e-03	1.325875e-01
8.250000e-03	1.578639e-01
8.260000e-03	1.293111e-01
8.270000e-03	3.961059e-02
8.280000e-03	-7.061625e-02
8.290000e-03	-1.445234e-01
8.300000e-03	-1.657397e-01
8.310000e-03	-1.749078e-01
8.320000e-03	-2.253459e-01
8.330000e-03	-3.258661e-01
8.340000e-03	-4.312055e-01
8.350000e-03	-4.856371e-01
8.360000e-03	-4.703056e-01
8.370000e-03	-4.100906e-01
8.380000e-03	-3.457443e-01
8.390000e-03	-3.081507e-01
8.400000e-03	-3.137574e-01
8.410000e-03	-3.672303e-01
8.420000e-03	-4.547419e-01
8.430000e-03	-5.368450e-01
8.440000e-03	-5.623468e-01
8.450000e-03	-5.027416e-01
8.460000e-03	-3.777724e-01
8.470000e-03	-2.452530e-01
8.480000e-03	-1.620146e-01
8.490000e-03	-1.496448e-01
8.500000e-03	-1.904794e-01
8.510000e-03	-2.492766e-01
8.520000e-03	-2.976652e-01
8.530000e-03	-3.251350e-01
8.540000e-03	-3.365136e-01
8.550000e-03	-3.432665e-01
8.560000e-03	-3.543626e-01
8.570000e-03	-3.708936e-01
8.580000e-03	-3.878575e-01
8.590000e-03	-4.010145e-01
8.600000e-03	-4.098167e-01
8.610000e-03	-4.106270e-01
8.620000e-03	-3.885522e-01
8.630000e-03	-3.234754e-01
8.640000e-03	-2.116154e-01
8.650000e-03	-8.104591e-02
8.660000e-03	2.181388e-02
8.670000e-03	6.886486e-02
8.680000e-03	7.514992e-02
8.690000e-03	8.399720e-02
8.700000e-03	1.250045e-01
8.710000e-03	1.869817e-01
8.720000e-03	2.322553e-01
8.730000e-03	2.346653e-01
8.740000e-03	2.008551e-01
8.750000e-03	1.571117e-01
8.760000e-03	1.230436e-01
8.770000e-03	1.030669e-01
8.780000e-03	9.925497e-02
8.790000e-03	1.214136e-01
8.800000e-03	1.764521e-01
8.810000e-03	2.494816e-01
8.820000e-03	3.040786e-01
8.830000e-03	3.091157e-01
8.840000e-03	2.679334e-01
8.850000e-03	2.198245e-01
8.860000e-03	2.108916e-01
8.870000e-03	2.613421e-01
8.880000e-03	3.575830e-01
8.890000e-03	4.710471e-01
8.900000e-03	5.808122e-01
8.910000e-03	6.780704e-01
8.920000e-03	7.530103e-01
8.930000e-03	7.838900e-01
8.940000e-03	7.452099e-01
8.950000e-03	6.309022e-01
8.960000e-03	4.702356e-01
8.970000e-03	3.168870e-01
8.980000e-03	2.147006e-01
8.990000e-03	1.671057e-01
9.000000e-03	1.381033e-01
9.010000e-03	8.677673e-02
9.020000e-03	6.102096e-03
9.030000e-03	-6.943666e-02
9.040000e-03	-9.542000e-02
9.050000e-03	-5.949039e-02
9.060000e-03	5.117139e-03
9.070000e-03	4.629011e-02
9.080000e-03	3.425455e-02
9.090000e-03	-1.943032e-02
9.100000e-03	-7.755890e-02
9.110000e-03	-1.077486e-01
9.120000e-03	-9.957151e-02
9.130000e-03	-5.973315e-02
9.140000e-03	9.979196e-04
9.150000e-03	7.317668e-02
9.160000e-03	1.453264e-01
9.170000e-03	2.020414e-01
9.180000e-03	2.293410e-01
9.190000e-03	2.216452e-01
9.200000e-03	1.818966e-01
9.210000e-03	1.149327e-01
9.220000e-03	2.258574e-02
9.230000e-03	-9.339323e-02
9.240000e-03	-2.245565e-01
9.250000e-03	-3.546989e-01
9.260000e-03	-4.683281e-01
9.270000e-03	-5.612562e-01
9.280000e-03	-6.414499e-01
9.290000e-03	-7.165787e-01
9.300000e-03	-7.789257e-01
9.310000e-03	-8.042236e-01
9.320000e-03	-7.701892e-01
9.330000e-03	-6.806435e-01
9.340000e-03	-5.715369e-01
9.350000e-03	-4.889206e-01
9.360000e-03	-4.560816e-01
9.370000e-03	-4.604751e-01
9.380000e-03	-4.735557e-01
9.390000e-03	-4.830321e-01
9.400000e-03	-5.030057e-01
9.410000e-03	-5.508531e-01
9.420000e-03	-6.173024e-01
9.430000e-03	-6.658221e-01
9.440000e-03	-6.658100e-01
9.450000e-03	-6.248700e-01
9.460000e-03	-5.834909e-01
9.470000e-03	-5.748690e-01
9.480000e-03	-5.904488e-01
9.490000e-03	-5.861408e-01
9.500000e-03	-5.220513e-01
9.510000e-03	-3.966355e-01
9.520000e-03	-2.466924e-01
9.530000e-03	-1.207463e-01
9.540000e-03	-5.355947e-02
9.550000e-03	-5.742209e-02
9.560000e-03	-1.243165e-01
9.570000e-03	-2.294045e-01
9.580000e-03	-3.377188e-01
9.590000e-03	-4.190456e-01
9.600000e-03	-4.634407e-01
9.610000e-03	-4.815451e-01
9.620000e-03	-4.871579e-01
9.630000e-03	-4.808335e-01
9.640000e-03	-4.534869e-01
9.650000e-03	-4.041445e-01
9.660000e-03	-3.468869e-01
9.670000e-03	-2.956241e-01
9.680000e-03	-2.464960e-01
9.690000e-03	-1.850114e-01
9.700000e-03	-1.146232e-01
9.710000e-03	-7.135904e-02
9.720000e-03	-9.887687e-02
9.730000e-03	-2.038113e-01
9.740000e-03	-3.392381e-01
9.750000e-03	-4.377880e-01
9.760000e-03	-4.627356e-01
9.770000e-03	-4.265872e-01
9.780000e-03	-3.641332e-01
9.790000e-03	-2.961000e-01
9.800000e-03	-2.234092e-01
9.810000e-03	-1.496610e-01
9.820000e-03	-9.510331e-02
9.830000e-03	-8.034262e-02
9.840000e-03	-1.005215e-01
9.850000e-03	-1.251807e-01
9.860000e-03	-1.270798e-01
9.870000e-03	-1.060326e-01
9.880000e-03	-7.921396e-02
9.890000e-03	-5.124468e-02
9.900000e-03	-3.148418e-03
9.910000e-03	8.389156e-02
9.920000e-03	1.981605e-01
9.930000e-03	2.992050e-01
9.940000e-03	3.537238e-01
9.950000e-03	3.667921e-01
9.960000e-03	3.734566e-01
9.970000e-03	3.997071e-01
9.980000e-03	4.352744e-01
9.990000e-03	4.465218e-01
1.000000e-02	4.137367e-01
1.001000e-02	3.526764e-01
1.002000e-02	2.995185e-01
1.003000e-02	2.770495e-01
1.004000e-02	2.764203e-01
1.005000e-02	2.696807e-01
1.006000e-02	2.374370e-01
1.007000e-02	1.844254e-01
1.008000e-02	1.308127e-01
1.009000e-02	9.053070e-02
1.010000e-02	5.822172e-02
1.011000e-02	1.678464e-02
1.012000e-02	-4.184913e-02
1.013000e-02	-1.026577e-01
1.014000e-02	-1.350449e-01
1.015000e-02	-1.171248e-01
1.016000e-02	-5.461461e-02
1.017000e-02	2.503071e-02
1.018000e-02	9.922370e-02
1.019000e-02	1.714473e-01
1.020000e-02	2.643941e-01
1.021000e-02	3.908110e-01
1.022000e-02	5.322163e-01
1.023000e-02	6.486263e-01
1.024000e-02	7.100196e-01
1.025000e-02	7.175106e-01
1.026000e-02	6.941809e-01
1.027000e-02	6.583433e-01
1.028000e-02	6.087177e-01
1.029000e-02	5.344232e-01
1.030000e-02	4.342870e-01
1.031000e-02	3.226648e-01
1.032000e-02	2.180543e-01
1.033000e-02	1.304264e-01
1.034000e-02	6.059950e-02
1.035000e-02	7.521286e-03
1.036000e-02	-2.840446e-02
1.037000e-02	-4.770465e-02
1.038000e-02	-5.121181e-02
1.039000e-02	-3.356983e-02
1.040000e-02	1.831894e-02
1.041000e-02	1.119364e-01
1.042000e-02	2.298591e-01
1.043000e-02	3.270635e-01
1.044000e-02	3.545760e-01
1.045000e-02	2.914214e-01
1.046000e-02	1.564634e-01
1.047000e-02	-7.906036e-03
1.048000e-02	-1.609122e-01
1.049000e-02	-2.754105e-01
1.050000e-02	-3.367575e-01
1.051000e-02	-3.441481e-01
1.052000e-02	-3.187405e-01
1.053000e-02	-3.022771e-01
1.054000e-02	-3.325493e-01
1.055000e-02	-4.104317e-01
1.056000e-02	-4.923899e-01
1.057000e-02	-5.230592e-01
1.058000e-02	-4.812308e-01
1.059000e-02	-3.958784e-01
1.060000e-02	-3.180097e-01
1.061000e-02	-2.780152e-01
1.062000e-02	-2.688639e-01
1.063000e-02	-2.639170e-01
1.064000e-02	-2.428286e-01
1.065000e-02	-1.986062e-01
1.066000e-02	-1.277623e-01
1.067000e-02	-2.506491e-02
1.068000e-02	1.072694e-01
1.069000e-02	2.496978e-01
1.070000e-02	3.717284e-01
1.071000e-02	4.508110e-01
1.072000e-02	4.833373e-01
1.073000e-02	4.765290e-01
1.074000e-02	4.331873e-01
1.075000e-02	3.493261e-01
1.076000e-02	2.281739e-01
1.077000e-02	9.360043e-02
1.078000e-02	-1.433060e-02
1.079000e-02	-6.034667e-02
1.080000e-02	-3.434338e-02
1.081000e-02	4.380441e-02
1.082000e-02	1.359885e-01
1.083000e-02	2.047825e-01
1.084000e-02	2.292836e-01
1.085000e-02	2.114122e-01
1.086000e-02	1.704101e-01
1.087000e-02	1.288219e-01
1.088000e-02	9.901446e-02
1.089000e-02	7.902854e-02
1.090000e-02	5.788779e-02
1.091000e-02	2.222213e-02
1.092000e-02	-4.124959e-02
1.093000e-02	-1.427764e-01
1.094000e-02	-2.798484e-01
1.095000e-02	-4.269900e-01
1.096000e-02	-5.420660e-01
1.097000e-02	-5.948638e-01
1.098000e-02	-5.966863e-01
1.099000e-02	-5.986560e-01
1.100000e-02	-6.516349e-01
1.101000e-02	-7.605548e-01
1.102000e-02	-8.763887e-01
1.103000e-02	-9.344554e-01
1.104000e-02	-9.031445e-01
1.105000e-02	-8.000601e-01
1.106000e-02	-6.686887e-01
1.107000e-02	-5.460057e-01
1.108000e-02	-4.506074e-01
1.109000e-02	-3.900168e-01
1.110000e-02	-3.658935e-01
1.111000e-02	-3.683185e-01
1.112000e-02	-3.728960e-01
1.113000e-02	-3.540973e-01
1.114000e-02	-3.055663e-01
1.115000e-02	-2.448718e-01
1.116000e-02	-1.959693e-01
1.117000e-02	-1.682639e-01
1.118000e-02	-1.541425e-01
1.119000e-02	-1.439114e-01
1.120000e-02	-1.377432e-01
1.121000e-02	-1.416449e-01
1.122000e-02	-1.563575e-01
1.123000e-02	-1.751659e-01
1.124000e-02	-1.918946e-01
1.125000e-02	-2.063725e-01
1.126000e-02	-2.204592e-01
1.127000e-02	-2.328863e-01
1.128000e-02	-2.422165e-01
1.129000e-02	-2.525901e-01
1.130000e-02	-2.698450e-01
1.131000e-02	-2.897724e-01
1.132000e-02	-2.968723e-01
1.133000e-02	-2.835593e-01
1.134000e-02	-2.711857e-01
1.135000e-02	-3.025258e-01
1.136000e-02	-4.026927e-01
1.137000e-02	-5.448771e-01
1.138000e-02	-6.604858e-01
1.139000e-02	-6.903804e-01
1.140000e-02	-6.303904e-01
1.141000e-02	-5.293188e-01
1.142000e-02	-4.458309e-01
1.143000e-02	-4.081584e-01
1.144000e-02	-4.090143e-01
1.145000e-02	-4.270434e-01
1.146000e-02	-4.447909e-01
1.147000e-02	-4.500153e-01
1.148000e-02	-4.329219e-01
1.149000e-02	-3.924159e-01
1.150000e-02	-3.441656e-01
1.151000e-02	-3.142489e-01
1.152000e-02	-3.184644e-01
1.153000e-02	-3.470086e-01
1.154000e-02	-3.705801e-01
1.155000e-02	-3.616898e-01
1.156000e-02	-3.119040e-01
1.157000e-02	-2.350070e-01
1.158000e-02	-1.609959e-01
1.159000e-02	-1.266552e-01
1.160000e-02	-1.605546e-01
1.161000e-02	-2.631763e-01
1.162000e-02	-3.970686e-01
1.163000e-02	-5.040392e-01
1.164000e-02	-5.431248e-01
1.165000e-02	-5.170482e-01
1.166000e-02	-4.609213e-01
1.167000e-02	-4.050224e-01
1.168000e-02	-3.516678e-01
1.169000e-02	-2.896000e-01
1.170000e-02	-2.253203e-01
1.171000e-02	-1.910652e-01
1.172000e-02	-2.171912e-01
1.173000e-02	-2.988451e-01
1.174000e-02	-3.933442e-01
1.175000e-02	-4.503094e-01
1.176000e-02	-4.439238e-01
1.177000e-02	-3.814313e-01
1.178000e-02	-2.911605e-01
1.179000e-02	-2.081138e-01
1.180000e-02	-1.634482e-01
1.181000e-02	-1.719277e-01
1.182000e-02	-2.202604e-01
1.183000e-02	-2.729840e-01
1.184000e-02	-3.014869e-01
1.185000e-02	-3.110903e-01
1.186000e-02	-3.322755e-01
1.187000e-02	-3.775596e-01
1.188000e-02	-4.097613e-01
1.189000e-02	-3.636961e-01
1.190000e-02	-2.067997e-01
1.191000e-02	2.316456e-02
1.192000e-02	2.450265e-01
1.193000e-02	3.986887e-01
1.194000e-02	4.809005e-01
1.195000e-02	5.216652e-01
1.196000e-02	5.379878e-01
1.197000e-02	5.211540e-01
1.198000e-02	4.655275e-01
1.199000e-02	3.935837e-01
1.200000e-02	3.397073e-01
1.201000e-02	3.119076e-01
1.202000e-02	2.823831e-01
1.203000e-02	2.232872e-01
1.204000e-02	1.462108e-01
1.205000e-02	9.621436e-02
1.206000e-02	1.050388e-01
1.207000e-02	1.578216e-01
1.208000e-02	2.119427e-01
1.209000e-02	2.443087e-01
1.210000e-02	2.701768e-01
1.211000e-02	3.123300e-01
1.212000e-02	3.601258e-01
1.213000e-02	3.703646e-01
1.214000e-02	3.119569e-01
1.215000e-02	2.042488e-01
1.216000e-02	1.055031e-01
1.217000e-02	6.371605e-02
1.218000e-02	8.130848e-02
1.219000e-02	1.258497e-01
1.220000e-02	1.677102e-01
1.221000e-02	2.017808e-01
1.222000e-02	2.359139e-01
1.223000e-02	2.680808e-01
1.224000e-02	2.820378e-01
1.225000e-02	2.644441e-01
1.226000e-02	2.207951e-01
1.227000e-02	1.715394e-01
1.228000e-02	1.336863e-01
1.229000e-02	1.074130e-01
1.230000e-02	7.883885e-02
1.231000e-02	3.343538e-02
1.232000e-02	-3.191451e-02
1.233000e-02	-1.048533e-01
1.234000e-02	-1.618599e-01
1.235000e-02	-1.794127e-01
1.236000e-02	-1.482949e-01
1.237000e-02	-8.248329e-02
1.238000e-02	-1.362981e-02
1.239000e-02	2.772122e-02
1.240000e-02	2.989797e-02
1.241000e-02	1.849415e-03
1.242000e-02	-4.081918e-02
1.243000e-02	-8.965818e-02
1.244000e-02	-1.431591e-01
1.245000e-02	-1.960205e-01
1.246000e-02	-2.335668e-01
1.247000e-02	-2.396305e-01
1.248000e-02	-2.089185e-01
1.249000e-02	-1.492976e-01
1.250000e-02	-7.223987e-02
1.251000e-02	1.567914e-02
1.252000e-02	1.096466e-01
1.253000e-02	1.976023e-01
1.254000e-02	2.602631e-01
1.255000e-02	2.843779e-01
1.256000e-02	2.753617e-01
1.257000e-02	2.530046e-01
1.258000e-02	2.319331e-01
1.259000e-02	2.067627e-01
1.260000e-02	1.587579e-01
1.261000e-02	7.878218e-02
1.262000e-02	-1.573543e-02
1.263000e-02	-8.630763e-02
1.264000e-02	-9.650509e-02
1.265000e-02	-3.328455e-02
1.266000e-02	8.833119e-02
1.267000e-02	2.367406e-01
1.268000e-02	3.804576e-01
1.269000e-02	4.993116e-01
1.270000e-02	5.853381e-01
1.271000e-02	6.347377e-01
1.272000e-02	6.381131e-01
1.273000e-02	5.796562e-01
1.274000e-02	4.509000e-01
1.275000e-02	2.700078e-01
1.276000e-02	8.608172e-02
1.277000e-02	-4.380320e-02
1.278000e-02	-9.100093e-02
1.279000e-02	-7.295785e-02
1.280000e-02	-3.338867e-02
1.281000e-02	-2.633893e-03
1.282000e-02	2.266622e-02
1.283000e-02	6.110045e-02
1.284000e-02	1.118030e-01
1.285000e-02	1.442425e-01
1.286000e-02	1.256254e-01
1.287000e-02	5.599886e-02
1.288000e-02	-2.839675e-02
1.289000e-02	-8.787786e-02
1.290000e-02	-1.131665e-01
1.291000e-02	-1.264798e-01
1.292000e-02	-1.543636e-01
1.293000e-02	-2.061008e-01
1.294000e-02	-2.787112e-01
1.295000e-02	-3.735839e-01
1.296000e-02	-4.965078e-01
1.297000e-02	-6.378637e-01
1.298000e-02	-7.598988e-01
1.299000e-02	-8.138900e-01
1.300000e-02	-7.754379e-01
1.301000e-02	-6.631611e-01
1.302000e-02	-5.226834e-01
1.303000e-02	-3.939615e-01
1.304000e-02	-2.934529e-01
1.305000e-02	-2.207648e-01
1.306000e-02	-1.721489e-01
1.307000e-02	-1.430316e-01
1.308000e-02	-1.236805e-01
1.309000e-02	-1.035313e-01
1.310000e-02	-8.509390e-02
1.311000e-02	-8.927436e-02
1.312000e-02	-1.391645e-01
1.313000e-02	-2.352846e-01
1.314000e-02	-3.491692e-01
1.315000e-02	-4.443229e-01
1.316000e-02	-5.036130e-01
1.317000e-02	-5.355358e-01
1.318000e-02	-5.559281e-01
1.319000e-02	-5.676148e-01
1.320000e-02	-5.590571e-01
1.321000e-02	-5.194230e-01
1.322000e-02	-4.513670e-01
1.323000e-02	-3.702925e-01
1.324000e-02	-2.956496e-01
1.325000e-02	-2.440747e-01
1.326000e-02	-2.254703e-01
1.327000e-02	-2.386223e-01
1.328000e-02	-2.696587e-01
1.329000e-02	-3.008767e-01
1.330000e-02	-3.268419e-01
1.331000e-02	-3.604615e-01
1.332000e-02	-4.167000e-01
1.333000e-02	-4.867607e-01
1.334000e-02	-5.323063e-01
1.335000e-02	-5.128803e-01
1.336000e-02	-4.237442e-01
1.337000e-02	-3.063966e-01
1.338000e-02	-2.197280e-01
1.339000e-02	-1.990355e-01
1.340000e-02	-2.396282e-01
1.341000e-02	-3.128431e-01
1.342000e-02	-3.902380e-01
1.343000e-02	-4.520304e-01
1.344000e-02	-4.823823e-01
1.345000e-02	-4.702698e-01
1.346000e-02	-4.212751e-01
1.347000e-02	-3.638570e-01
1.348000e-02	-3.349891e-01
1.349000e-02	-3.542528e-01
1.350000e-02	-4.111761e-01
1.351000e-02	-4.769744e-01
1.352000e-02	-5.257637e-01
1.353000e-02	-5.440383e-01
1.354000e-02	-5.263704e-01
1.355000e-02	-4.727031e-01
1.356000e-02	-3.952851e-01
1.357000e-02	-3.231408e-01
1.358000e-02	-2.891240e-01
1.359000e-02	-3.058559e-01
1.360000e-02	-3.549353e-01
1.361000e-02	-4.028999e-01
1.362000e-02	-4.284319e-01
1.363000e-02	-4.335540e-01
1.364000e-02	-4.315991e-01
1.365000e-02	-4.310843e-01
1.366000e-02	-4.344339e-01
1.367000e-02	-4.461496e-01
1.368000e-02	-4.708049e-01
1.369000e-02	-4.975787e-01
1.370000e-02	-4.931441e-01
1.371000e-02	-4.220696e-01
1.372000e-02	-2.814410e-01
1.373000e-02	-1.131122e-01
1.374000e-02	2.477412e-02
1.375000e-02	1.024421e-01
1.376000e-02	1.360444e-01
1.377000e-02	1.630176e-01
1.378000e-02	2.037299e-01
1.379000e-02	2.484052e-01
1.380000e-02	2.767766e-01
1.381000e-02	2.831934e-01
1.382000e-02	2.802983e-01
1.383000e-02	2.837133e-01
1.384000e-02	3.001040e-01
1.385000e-02	3.302147e-01
1.386000e-02	3.759701e-01
1.387000e-02	4.372299e-01
1.388000e-02	5.016133e-01
1.389000e-02	5.437149e-01
1.390000e-02	5.398339e-01
1.391000e-02	4.846791e-01
1.392000e-02	3.934408e-01
1.393000e-02	2.897309e-01
1.394000e-02	1.943678e-01
1.395000e-02	1.237836e-01
1.396000e-02	9.042797e-02
1.397000e-02	9.496304e-02
1.398000e-02	1.155915e-01
1.399000e-02	1.116059e-01
1.400000e-02	4.720428e-02
1.401000e-02	-8.171849e-02
1.402000e-02	-2.423332e-01
1.403000e-02	-3.862624e-01
1.404000e-02	-4.776881e-01
1.405000e-02	-5.052921e-01
1.406000e-02	-4.750595e-01
1.407000e-02	-3.989338e-01
1.408000e-02	-2.912937e-01
1.409000e-02	-1.699029e-01
1.410000e-02	-5.231597e-02
1.411000e-02	5.142600e-02
1.412000e-02	1.398281e-01
1.413000e-02	2.108671e-01
1.414000e-02	2.530843e-01
1.415000e-02	2.496900e-01
1.416000e-02	1.943292e-01
1.417000e-02	1.028418e-01
1.418000e-02	8.435606e-03
1.419000e-02	-5.555145e-02
1.420000e-02	-7.036712e-02
1.421000e-02	-3.517602e-02
1.422000e-02	3.715354e-02
1.423000e-02	1.246904e-01
1.424000e-02	2.015451e-01
1.425000e-02	2.476587e-01
1.426000e-02	2.608688e-01
1.427000e-02	2.605082e-01
1.428000e-02	2.753656e-01
1.429000e-02	3.231920e-01
1.430000e-02	3.982350e-01
1.431000e-02	4.764402e-01
1.432000e-02	5.323121e-01
1.433000e-02	5.533381e-01
1.434000e-02	5.433850e-01
1.435000e-02	5.164997e-01
1.436000e-02	4.867587e-01
1.437000e-02	4.587316e-01
1.438000e-02	4.230255e-01
1.439000e-02	3.620006e-01
1.440000e-02	2.654845e-01
1.441000e-02	1.453359e-01
1.442000e-02	3.327673e-02
1.443000e-02	-4.114072e-02
1.444000e-02	-7.492806e-02
1.445000e-02	-9.462305e-02
1.446000e-02	-1.327271e-01
1.447000e-02	-1.990214e-01
1.448000e-02	-2.739128e-01
1.449000e-02	-3.285129e-01
1.450000e-02	-3.492922e-01
1.451000e-02	-3.428466e-01
1.452000e-02	-3.199687e-01
1.453000e-02	-2.804296e-01
1.454000e-02	-2.162674e-01
1.455000e-02	-1.279777e-01
1.456000e-02	-3.278463e-02
1.457000e-02	4.598286e-02
1.458000e-02	9.717486e-02
1.459000e-02	1.278404e-01
1.460000e-02	1.509472e-01
1.461000e-02	1.686341e-01
1.462000e-02	1.688959e-01
1.463000e-02	1.388992e-01
1.464000e-02	8.143996e-02
1.465000e-02	1.894406e-02
1.466000e-02	-1.827568e-02
1.467000e-02	-9.512067e-03
1.468000e-02	4.608850e-02
1.469000e-02	1.324006e-01
1.470000e-02	2.285713e-01
1.471000e-02	3.213382e-01
1.472000e-02	4.087331e-01
1.473000e-02	4.924939e-01
1.474000e-02	5.650210e-01
1.475000e-02	6.023598e-01
1.476000e-02	5.720237e-01
1.477000e-02	4.534807e-01
1.478000e-02	2.577275e-01
1.479000e-02	3.062019e-02
1.480000e-02	-1.648363e-01
1.481000e-02	-2.772568e-01
1.482000e-02	-2.893964e-01
1.483000e-02	-2.221934e-01
1.484000e-02	-1.203953e-01
1.485000e-02	-2.986815e-02
1.486000e-02	2.114977e-02
1.487000e-02	2.928223e-02
1.488000e-02	1.119610e-02
1.489000e-02	-8.394950e-03
1.490000e-02	-9.038459e-03
1.491000e-02	1.814836e-02
1.492000e-02	6.968047e-02
1.493000e-02	1.333521e-01
1.494000e-02	1.931898e-01
1.495000e-02	2.341209e-01
1.496000e-02	2.466005e-01
1.497000e-02	2.311243e-01
1.498000e-02	2.003340e-01
1.499000e-02	1.753441e-01
1.500000e-02	1.756593e-01
1.501000e-02	2.075437e-01
1.502000e-02	2.591510e-01
1.503000e-02	3.076684e-01
1.504000e-02	3.348477e-01
1.505000e-02	3.392931e-01
1.506000e-02	3.345623e-01
1.507000e-02	3.330407e-01
1.508000e-02	3.287369e-01
1.509000e-02	2.956510e-01
1.510000e-02	2.069476e-01
1.511000e-02	6.180510e-02
1.512000e-02	-1.025273e-01
1.513000e-02	-2.264000e-01
1.514000e-02	-2.621114e-01
1.515000e-02	-2.019270e-01
1.516000e-02	-7.914513e-02
1.517000e-02	5.695989e-02
1.518000e-02	1.714174e-01
1.519000e-02	2.565057e-01
1.520000e-02	3.218413e-01
1.521000e-02	3.755455e-01
1.522000e-02	4.150353e-01
1.523000e-02	4.333260e-01
1.524000e-02	4.306128e-01
1.525000e-02	4.172363e-01
1.526000e-02	4.053567e-01
1.527000e-02	3.997915e-01
1.528000e-02	3.989435e-01
1.529000e-02	4.039793e-01
1.530000e-02	4.229547e-01
1.531000e-02	4.606801e-01
1.532000e-02	5.023247e-01
1.533000e-02	5.105704e-01
1.534000e-02	4.471116e-01
1.535000e-02	3.052132e-01
1.536000e-02	1.246823e-01
1.537000e-02	-2.800980e-02
1.538000e-02	-1.015971e-01
1.539000e-02	-9.040330e-02
1.540000e-02	-2.925771e-02
1.541000e-02	3.985211e-02
1.542000e-02	9.888513e-02
1.543000e-02	1.578306e-01
1.544000e-02	2.340419e-01
1.545000e-02	3.302323e-01
1.546000e-02	4.311152e-01
1.547000e-02	5.176004e-01
1.548000e-02	5.812603e-01
1.549000e-02	6.247651e-01
1.550000e-02	6.501072e-01
1.551000e-02	6.485520e-01
1.552000e-02	6.039119e-01
1.553000e-02	5.079339e-01
1.554000e-02	3.752705e-01
1.555000e-02	2.445189e-01
1.556000e-02	1.614320e-01
1.557000e-02	1.537027e-01
1.558000e-02	2.142547e-01
1.559000e-02	3.054372e-01
1.560000e-02	3.819469e-01
1.561000e-02	4.164551e-01
1.562000e-02	4.105390e-01
1.563000e-02	3.861951e-01
1.564000e-02	3.684239e-01
1.565000e-02	3.731998e-01
1.566000e-02	4.056101e-01
1.567000e-02	4.620162e-01
1.568000e-02	5.298298e-01
1.569000e-02	5.872217e-01
1.570000e-02	6.098529e-01
1.571000e-02	5.847879e-01
1.572000e-02	5.208795e-01
1.573000e-02	4.444278e-01
1.574000e-02	3.818457e-01
1.575000e-02	3.441047e-01
1.576000e-02	3.261015e-01
1.577000e-02	3.189198e-01
1.578000e-02	3.205899e-01
1.579000e-02	3.344799e-01
1.580000e-02	3.591396e-01
1.581000e-02	3.825905e-01
1.582000e-02	3.881971e-01
1.583000e-02	3.660719e-01
1.584000e-02	3.185877e-01
1.585000e-02	2.560982e-01
1.586000e-02	1.896509e-01
1.587000e-02	1.288691e-01
1.588000e-02	8.459808e-02
1.589000e-02	6.850816e-02
1.590000e-02	8.517720e-02
1.591000e-02	1.228735e-01
1.592000e-02	1.545957e-01
1.593000e-02	1.532135e-01
1.594000e-02	1.103634e-01
1.595000e-02	4.279016e-02
1.596000e-02	-2.050889e-02
1.597000e-02	-6.005702e-02
1.598000e-02	-7.846073e-02
1.599000e-02	-9.457786e-02
1.600000e-02	-1.268169e-01
1.601000e-02	-1.810916e-01
1.602000e-02	-2.514875e-01
1.603000e-02	-3.283315e-01
1.604000e-02	-4.036694e-01
1.605000e-02	-4.712929e-01
1.606000e-02	-5.265440e-01
1.607000e-02	-5.694797e-01
1.608000e-02	-6.067675e-01
1.609000e-02	-6.457041e-01
1.610000e-02	-6.831139e-01
1.611000e-02	-7.015707e-01
1.612000e-02	-6.810725e-01
1.613000e-02	-6.176832e-01
1.614000e-02	-5.303102e-01
1.615000e-02	-4.468589e-01
1.616000e-02	-3.825421e-01
1.617000e-02	-3.322231e-01
1.618000e-02	-2.839233e-01
1.619000e-02	-2.376648e-01
1.620000e-02	-2.082853e-01
1.621000e-02	-2.090139e-01
1.622000e-02	-2.339806e-01
1.623000e-02	-2.588517e-01
1.624000e-02	-2.592999e-01
1.625000e-02	-2.291223e-01
1.626000e-02	-1.819072e-01
1.627000e-02	-1.374837e-01
1.628000e-02	-1.073579e-01
1.629000e-02	-9.055289e-02
1.630000e-02	-7.947798e-02
1.631000e-02	-6.796630e-02
1.632000e-02	-5.504188e-02
1.633000e-02	-4.315493e-02
1.634000e-02	-3.336280e-02
1.635000e-02	-2.176226e-02
1.636000e-02	-1.418157e-03
1.637000e-02	3.000094e-02
1.638000e-02	6.365804e-02
1.639000e-02	8.308183e-02
1.640000e-02	7.807970e-02
1.641000e-02	5.621989e-02
1.642000e-02	3.769177e-02
1.643000e-02	3.563026e-02
1.644000e-02	4.199303e-02
1.645000e-02	3.635082e-02
1.646000e-02	1.060476e-02
1.647000e-02	-1.713424e-02
1.648000e-02	-1.684576e-02
1.649000e-02	2.433065e-02
1.650000e-02	8.934178e-02
1.651000e-02	1.489152e-01
1.652000e-02	1.903204e-01
1.653000e-02	2.258127e-01
1.654000e-02	2.726552e-01
1.655000e-02	3.283353e-01
1.656000e-02	3.687778e-01
1.657000e-02	3.706190e-01
1.658000e-02	3.325700e-01
1.659000e-02	2.741444e-01
1.660000e-02	2.160133e-01
1.661000e-02	1.641543e-01
1.662000e-02	1.119525e-01
1.663000e-02	5.361878e-02
1.664000e-02	-6.866665e-03
1.665000e-02	-5.809508e-02
1.666000e-02	-8.917133e-02
1.667000e-02	-9.560151e-02
1.668000e-02	-8.148750e-02
1.669000e-02	-5.942321e-02
1.670000e-02	-4.700029e-02
1.671000e-02	-5.827292e-02
1.672000e-02	-9.385601e-02
1.673000e-02	-1.378035e-01
1.674000e-02	-1.653127e-01
1.675000e-02	-1.559170e-01
1.676000e-02	-1.029204e-01
1.677000e-02	-1.520224e-02
1.678000e-02	8.576864e-02
1.679000e-02	1.710294e-01
1.680000e-02	2.127004e-01
1.681000e-02	1.963952e-01
1.682000e-02	1.309902e-01
1.683000e-02	4.659911e-02
1.684000e-02	-2.027035e-02
1.685000e-02	-4.403191e-02
1.686000e-02	-1.818239e-02
1.687000e-02	4.709690e-02
1.688000e-02	1.305607e-01
1.689000e-02	2.043934e-01
1.690000e-02	2.415108e-01
1.691000e-02	2.289770e-01
1.692000e-02	1.798845e-01
1.693000e-02	1.299455e-01
1.694000e-02	1.157480e-01
1.695000e-02	1.499797e-01
1.696000e-02	2.137694e-01
1.697000e-02	2.707394e-01
1.698000e-02	2.883730e-01
1.699000e-02	2.503909e-01
1.700000e-02	1.580518e-01
1.701000e-02	2.877760e-02
1.702000e-02	-1.049908e-01
1.703000e-02	-2.041032e-01
1.704000e-02	-2.421208e-01
1.705000e-02	-2.234606e-01
1.706000e-02	-1.804397e-01
1.707000e-02	-1.457676e-01
1.708000e-02	-1.231689e-01
1.709000e-02	-8.500330e-02
1.710000e-02	-1.450936e-03
1.711000e-02	1.256406e-01
1.712000e-02	2.568468e-01
1.713000e-02	3.431609e-01
1.714000e-02	3.618524e-01
1.715000e-02	3.283745e-01
1.716000e-02	2.769457e-01
1.717000e-02	2.314787e-01
1.718000e-02	1.944735e-01
1.719000e-02	1.609793e-01
1.720000e-02	1.393248e-01
1.721000e-02	1.542884e-01
1.722000e-02	2.265752e-01
1.723000e-02	3.472233e-01
1.724000e-02	4.731630e-01
1.725000e-02	5.523263e-01
1.726000e-02	5.589628e-01
1.727000e-02	5.085029e-01
1.728000e-02	4.387478e-01
1.729000e-02	3.750258e-01
1.730000e-02	3.114000e-01
1.731000e-02	2.234866e-01
1.732000e-02	9.769058e-02
1.733000e-02	-5.216951e-02
1.734000e-02	-1.942277e-01
1.735000e-02	-3.010752e-01
1.736000e-02	-3.637650e-01
1.737000e-02	-3.900127e-01
1.738000e-02	-3.962026e-01
1.739000e-02	-4.026197e-01
1.740000e-02	-4.289183e-01
1.741000e-02	-4.827898e-01
1.742000e-02	-5.465995e-01
1.743000e-02	-5.780825e-01
1.744000e-02	-5.333420e-01
1.745000e-02	-3.982405e-01
1.746000e-02	-2.024308e-01
1.747000e-02	-3.609228e-03
1.748000e-02	1.450433e-01
1.749000e-02	2.195031e-01
1.750000e-02	2.277960e-01
1.751000e-02	1.959721e-01
1.752000e-02	1.501980e-01
1.753000e-02	1.040583e-01
1.754000e-02	5.463064e-02
1.755000e-02	-1.115217e-02
1.756000e-02	-1.018670e-01
1.757000e-02	-2.079961e-01
1.758000e-02	-3.013941e-01
1.759000e-02	-3.504035e-01
1.760000e-02	-3.388304e-01
1.761000e-02	-2.739968e-01
1.762000e-02	-1.813414e-01
1.763000e-02	-9.506215e-02
1.764000e-02	-5.107301e-02
1.765000e-02	-7.697219e-02
1.766000e-02	-1.742003e-01
1.767000e-02	-3.041747e-01
1.768000e-02	-4.001863e-01
1.769000e-02	-4.087648e-01
1.770000e-02	-3.308918e-01
1.771000e-02	-2.236847e-01
1.772000e-02	-1.556670e-01
1.773000e-02	-1.538810e-01
1.774000e-02	-1.901634e-01
1.775000e-02	-2.151544e-01
1.776000e-02	-2.029903e-01
1.777000e-02	-1.649855e-01
1.778000e-02	-1.277846e-01
1.779000e-02	-1.061505e-01
1.780000e-02	-9.686458e-02
1.781000e-02	-9.011665e-02
1.782000e-02	-7.784228e-02
1.783000e-02	-5.139467e-02
1.784000e-02	-6.075514e-04
1.785000e-02	7.575226e-02
1.786000e-02	1.579806e-01
1.787000e-02	2.102730e-01
1.788000e-02	2.040158e-01
1.789000e-02	1.389542e-01
1.790000e-02	4.192485e-02
1.791000e-02	-5.432023e-02
1.792000e-02	-1.311125e-01
1.793000e-02	-1.869845e-01
1.794000e-02	-2.275340e-01
1.795000e-02	-2.554211e-01
1.796000e-02	-2.671072e-01
1.797000e-02	-2.537741e-01
1.798000e-02	-2.043703e-01
1.799000e-02	-1.129929e-01
1.800000e-02	1.077922e-02
1.801000e-02	1.383942e-01
1.802000e-02	2.340394e-01
1.803000e-02	2.751980e-01
1.804000e-02	2.642534e-01
1.805000e-02	2.213079e-01
1.806000e-02	1.680572e-01
1.807000e-02	1.200366e-01
1.808000e-02	9.051300e-02
1.809000e-02	9.259409e-02
1.810000e-02	1.297146e-01
1.811000e-02	1.845327e-01
1.812000e-02	2.250335e-01
1.813000e-02	2.293238e-01
1.814000e-02	2.063549e-01
1.815000e-02	1.895053e-01
1.816000e-02	2.069402e-01
1.817000e-02	2.568452e-01
1.818000e-02	3.096702e-01
1.819000e-02	3.316279e-01
1.820000e-02	3.061581e-01
1.821000e-02	2.392387e-01
1.822000e-02	1.534602e-01
1.823000e-02	8.029452e-02
1.824000e-02	5.023215e-02
1.825000e-02	7.718828e-02
1.826000e-02	1.452532e-01
1.827000e-02	2.142428e-01
1.828000e-02	2.464952e-01
1.829000e-02	2.322393e-01
1.830000e-02	1.871594e-01
1.831000e-02	1.247608e-01
1.832000e-02	3.707307e-02
1.833000e-02	-8.937253e-02
1.834000e-02	-2.372656e-01
1.835000e-02	-3.468357e-01
1.836000e-02	-3.527536e-01
1.837000e-02	-2.403399e-01
1.838000e-02	-6.515981e-02
1.839000e-02	8.711587e-02
1.840000e-02	1.643209e-01
1.841000e-02	1.760708e-01
1.842000e-02	1.657096e-01
1.843000e-02	1.612521e-01
1.844000e-02	1.560087e-01
1.845000e-02	1.318738e-01
1.846000e-02	9.230687e-02
1.847000e-02	6.665240e-02
1.848000e-02	8.307375e-02
1.849000e-02	1.411757e-01
1.850000e-02	2.122717e-01
1.851000e-02	2.640186e-01
1.852000e-02	2.834764e-01
1.853000e-02	2.797671e-01
1.854000e-02	2.706591e-01
1.855000e-02	2.695450e-01
1.856000e-02	2.817943e-01
1.857000e-02	3.068653e-01
1.858000e-02	3.402608e-01
1.859000e-02	3.755232e-01
1.860000e-02	4.086804e-01
1.861000e-02	4.421070e-01
1.862000e-02	4.812395e-01
1.863000e-02	5.242217e-01
1.864000e-02	5.549719e-01
1.865000e-02	5.502339e-01
1.866000e-02	4.976282e-01
1.867000e-02	4.085500e-01
1.868000e-02	3.126413e-01
1.869000e-02	2.378363e-01
1.870000e-02	1.935059e-01
1.871000e-02	1.698725e-01
1.872000e-02	1.504512e-01
1.873000e-02	1.240375e-01
1.874000e-02	8.790075e-02
1.875000e-02	4.519828e-02
1.876000e-02	2.803438e-03
1.877000e-02	-3.052572e-02
1.878000e-02	-4.961544e-02
1.879000e-02	-6.004936e-02
1.880000e-02	-7.771565e-02
1.881000e-02	-1.158100e-01
1.882000e-02	-1.692426e-01
1.883000e-02	-2.139896e-01
1.884000e-02	-2.264269e-01
1.885000e-02	-2.058216e-01
1.886000e-02	-1.768214e-01
1.887000e-02	-1.677784e-01
1.888000e-02	-1.858314e-01
1.889000e-02	-2.129236e-01
1.890000e-02	-2.243312e-01
1.891000e-02	-2.083045e-01
1.892000e-02	-1.677035e-01
1.893000e-02	-1.077241e-01
1.894000e-02	-2.930010e-02
1.895000e-02	6.262636e-02
1.896000e-02	1.488931e-01
1.897000e-02	2.021188e-01
1.898000e-02	2.079362e-01
1.899000e-02	1.801567e-01
1.900000e-02	1.524073e-01
1.901000e-02	1.531364e-01
1.902000e-02	1.875222e-01
1.903000e-02	2.403181e-01
1.904000e-02	2.910201e-01
1.905000e-02	3.240012e-01
1.906000e-02	3.289179e-01
1.907000e-02	3.010581e-01
1.908000e-02	2.476380e-01
1.909000e-02	1.908517e-01
1.910000e-02	1.555117e-01
1.911000e-02	1.468110e-01
1.912000e-02	1.412884e-01
1.913000e-02	1.062714e-01
1.914000e-02	3.369223e-02
1.915000e-02	-4.466940e-02
1.916000e-02	-7.814619e-02
1.917000e-02	-3.661307e-02
1.918000e-02	6.721091e-02
1.919000e-02	1.899418e-01
1.920000e-02	2.881719e-01
1.921000e-02	3.387841e-01
1.922000e-02	3.380048e-01
1.923000e-02	2.923078e-01
1.924000e-02	2.168006e-01
1.925000e-02	1.389572e-01
1.926000e-02	9.314765e-02
1.927000e-02	1.012166e-01
1.928000e-02	1.541091e-01
1.929000e-02	2.140252e-01
1.930000e-02	2.388131e-01
1.931000e-02	2.094232e-01
1.932000e-02	1.392758e-01
1.933000e-02	6.148137e-02
1.934000e-02	6.805821e-03
1.935000e-02	-1.262429e-02
1.936000e-02	-7.603885e-03
1.937000e-02	-4.841035e-03
1.938000e-02	-3.121847e-02
1.939000e-02	-9.505262e-02
1.940000e-02	-1.762616e-01
1.941000e-02	-2.368679e-01
1.942000e-02	-2.486200e-01
1.943000e-02	-2.161539e-01
1.944000e-02	-1.733977e-01
1.945000e-02	-1.542666e-01
1.946000e-02	-1.646512e-01
1.947000e-02	-1.825440e-01
1.948000e-02	-1.844546e-01
1.949000e-02	-1.690122e-01
1.950000e-02	-1.530195e-01
1.951000e-02	-1.466299e-01
1.952000e-02	-1.374413e-01
1.953000e-02	-1.022415e-01
1.954000e-02	-3.325459e-02
1.955000e-02	5.019427e-02
1.956000e-02	1.164195e-01
1.957000e-02	1.453579e-01
1.958000e-02	1.373693e-01
1.959000e-02	1.027607e-01
1.960000e-02	4.933239e-02
1.961000e-02	-1.724273e-02
1.962000e-02	-8.534848e-02
1.963000e-02	-1.370640e-01
1.964000e-02	-1.591110e-01
1.965000e-02	-1.520403e-01
1.966000e-02	-1.258711e-01
1.967000e-02	-8.778492e-02
1.968000e-02	-3.739104e-02
1.969000e-02	2.590356e-02
1.970000e-02	9.572607e-02
1.971000e-02	1.633157e-01
1.972000e-02	2.273515e-01
1.973000e-02	2.923261e-01
1.974000e-02	3.529518e-01
1.975000e-02	3.843143e-01
1.976000e-02	3.570524e-01
1.977000e-02	2.690149e-01
1.978000e-02	1.609197e-01
1.979000e-02	9.462396e-02
1.980000e-02	1.100686e-01
1.981000e-02	1.997373e-01
1.982000e-02	3.217115e-01
1.983000e-02	4.341144e-01
1.984000e-02	5.171548e-01
1.985000e-02	5.691457e-01
1.986000e-02	5.923691e-01
1.987000e-02	5.892028e-01
1.988000e-02	5.683228e-01
1.989000e-02	5.452596e-01
1.990000e-02	5.310379e-01
1.991000e-02	5.221204e-01
1.992000e-02	5.063450e-01
1.993000e-02	4.797515e-01
1.994000e-02	4.540650e-01
1.995000e-02	4.449307e-01
1.996000e-02	4.546581e-01
1.997000e-02	4.702882e-01
1.998000e-02	4.789100e-01
1.999000e-02	4.808934e-01
2.000000e-02	4.847557e-01
2.001000e-02	4.908341e-01
2.002000e-02	4.853224e-01
2.003000e-02	4.535492e-01
2.004000e-02	3.973973e-01
2.005000e-02	3.359698e-01
2.006000e-02	2.878673e-01
2.007000e-02	2.543562e-01
2.008000e-02	2.209057e-01
2.009000e-02	1.735228e-01
2.010000e-02	1.113065e-01
2.011000e-02	4.363837e-02
2.012000e-02	-2.122891e-02
2.013000e-02	-8.164007e-02
2.014000e-02	-1.371273e-01
2.015000e-02	-1.806395e-01
2.016000e-02	-1.988576e-01
2.017000e-02	-1.815008e-01
2.018000e-02	-1.315490e-01
2.019000e-02	-6.818639e-02
2.020000e-02	-2.039870e-02
2.021000e-02	-1.476051e-02
2.022000e-02	-6.342704e-02
2.023000e-02	-1.585168e-01
2.024000e-02	-2.765840e-01
2.025000e-02	-3.909740e-01
2.026000e-02	-4.839102e-01
2.027000e-02	-5.504036e-01
2.028000e-02	-5.936220e-01
2.029000e-02	-6.186180e-01
2.030000e-02	-6.302046e-01
2.031000e-02	-6.333173e-01
2.032000e-02	-6.307543e-01
2.033000e-02	-6.188498e-01
2.034000e-02	-5.884405e-01
2.035000e-02	-5.351597e-01
2.036000e-02	-4.710330e-01
2.037000e-02	-4.233453e-01
2.038000e-02	-4.171837e-01
2.039000e-02	-4.559371e-01
2.040000e-02	-5.190752e-01
2.041000e-02	-5.807216e-01
2.042000e-02	-6.312825e-01
2.043000e-02	-6.806365e-01
2.044000e-02	-7.400737e-01
2.045000e-02	-8.021378e-01
2.046000e-02	-8.399968e-01
2.047000e-02	-8.285558e-01
2.048000e-02	-7.679236e-01
2.049000e-02	-6.869689e-01
2.050000e-02	-6.224726e-01
2.051000e-02	-5.907715e-01
2.052000e-02	-5.751404e-01
2.053000e-02	-5.391438e-01
2.054000e-02	-4.554177e-01
2.055000e-02	-3.274916e-01
2.056000e-02	-1.882344e-01
2.057000e-02	-7.727658e-02
2.058000e-02	-1.617252e-02
2.059000e-02	-4.599175e-04
2.060000e-02	-1.181093e-02
2.061000e-02	-3.573056e-02
2.062000e-02	-6.750884e-02
2.063000e-02	-1.036436e-01
2.064000e-02	-1.322043e-01
2.065000e-02	-1.360820e-01
2.066000e-02	-1.074533e-01
2.067000e-02	-5.785684e-02
2.068000e-02	-1.209513e-02
2.069000e-02	8.543138e-03
2.070000e-02	-2.635590e-03
2.071000e-02	-4.093461e-02
2.072000e-02	-9.978205e-02
2.073000e-02	-1.732938e-01
2.074000e-02	-2.504440e-01
2.075000e-02	-3.126902e-01
2.076000e-02	-3.438659e-01
2.077000e-02	-3.445053e-01
2.078000e-02	-3.334390e-01
2.079000e-02	-3.311250e-01
2.080000e-02	-3.401054e-01
2.081000e-02	-3.435504e-01
2.082000e-02	-3.247168e-01
2.083000e-02	-2.874416e-01
2.084000e-02	-2.560080e-01
2.085000e-02	-2.542723e-01
2.086000e-02	-2.851415e-01
2.087000e-02	-3.296277e-01
2.088000e-02	-3.635297e-01
2.089000e-02	-3.737182e-01
2.090000e-02	-3.611048e-01
2.091000e-02	-3.340437e-01
2.092000e-02	-3.031152e-01
2.093000e-02	-2.799601e-01
2.094000e-02	-2.736997e-01
2.095000e-02	-2.825253e-01
2.096000e-02	-2.893081e-01
2.097000e-02	-2.706970e-01
2.098000e-02	-2.146358e-01
2.099000e-02	-1.288936e-01
2.100000e-02	-3.086361e-02
2.101000e-02	7.000031e-02
2.102000e-02	1.766316e-01
2.103000e-02	2.909545e-01
2.104000e-02	4.004347e-01
2.105000e-02	4.832542e-01
2.106000e-02	5.274218e-01
2.107000e-02	5.402364e-01
2.108000e-02	5.352747e-01
2.109000e-02	5.128135e-01
2.110000e-02	4.599442e-01
2.111000e-02	3.729550e-01
2.112000e-02	2.743926e-01
2.113000e-02	1.995151e-01
2.114000e-02	1.625303e-01
2.115000e-02	1.402990e-01
2.116000e-02	9.496206e-02
2.117000e-02	1.345166e-02
2.118000e-02	-7.828512e-02
2.119000e-02	-1.406734e-01
2.120000e-02	-1.561545e-01
2.121000e-02	-1.370840e-01
2.122000e-02	-1.026900e-01
2.123000e-02	-5.689559e-02
2.124000e-02	7.161363e-03
2.125000e-02	8.624386e-02
2.126000e-02	1.595671e-01
2.127000e-02	2.044463e-01
2.128000e-02	2.136436e-01
2.129000e-02	1.923392e-01
2.130000e-02	1.420345e-01
2.131000e-02	5.739874e-02
2.132000e-02	-5.640225e-02
2.133000e-02	-1.699823e-01
2.134000e-02	-2.446195e-01
2.135000e-02	-2.658033e-01
2.136000e-02	-2.578424e-01
2.137000e-02	-2.590242e-01
2.138000e-02	-2.811279e-01
2.139000e-02	-2.958493e-01
2.140000e-02	-2.610506e-01
2.141000e-02	-1.572462e-01
2.142000e-02	1.135682e-03
2.143000e-02	1.817552e-01
2.144000e-02	3.514572e-01
2.145000e-02	4.784018e-01
2.146000e-02	5.321653e-01
2.147000e-02	4.994148e-01
2.148000e-02	4.053563e-01
2.149000e-02	3.105856e-01
2.150000e-02	2.727386e-01
2.151000e-02	3.034581e-01
2.152000e-02	3.630350e-01
2.153000e-02	3.990758e-01
2.154000e-02	3.907582e-01
2.155000e-02	3.573102e-01
2.156000e-02	3.298242e-01
2.157000e-02	3.216220e-01
2.158000e-02	3.255227e-01
2.159000e-02	3.309681e-01
2.160000e-02	3.347814e-01
2.161000e-02	3.352286e-01
2.162000e-02	3.240446e-01
2.163000e-02	2.921548e-01
2.164000e-02	2.435548e-01
2.165000e-02	1.983520e-01
2.166000e-02	1.777911e-01
2.167000e-02	1.852549e-01
2.168000e-02	2.017348e-01
2.169000e-02	1.988457e-01
2.170000e-02	1.569173e-01
2.171000e-02	7.531797e-02
2.172000e-02	-2.838642e-02
2.173000e-02	-1.274657e-01
2.174000e-02	-1.989974e-01
2.175000e-02	-2.343502e-01
2.176000e-02	-2.389275e-01
2.177000e-02	-2.197521e-01
2.178000e-02	-1.732905e-01
2.179000e-02	-8.976343e-02
2.180000e-02	2.681793e-02
2.181000e-02	1.455912e-01
2.182000e-02	2.235010e-01
2.183000e-02	2.385680e-01
2.184000e-02	2.076725e-01
2.185000e-02	1.676126e-01
2.186000e-02	1.384904e-01
2.187000e-02	1.096379e-01
2.188000e-02	6.288265e-02
2.189000e-02	4.069092e-03
2.190000e-02	-3.614711e-02
2.191000e-02	-3.418178e-02
2.192000e-02	-2.059307e-04
2.193000e-02	3.253020e-02
2.194000e-02	4.333989e-02
2.195000e-02	4.275080e-02
2.196000e-02	5.285863e-02
2.197000e-02	7.327211e-02
2.198000e-02	7.229306e-02
2.199000e-02	1.267126e-02
2.200000e-02	-1.167956e-01
2.201000e-02	-2.945457e-01
2.202000e-02	-4.838906e-01
2.203000e-02	-6.509331e-01
2.204000e-02	-7.683196e-01
2.205000e-02	-8.143725e-01
2.206000e-02	-7.816477e-01
2.207000e-02	-6.901076e-01
2.208000e-02	-5.861282e-01
2.209000e-02	-5.200689e-01
2.210000e-02	-5.182264e-01
2.211000e-02	-5.711096e-01
2.212000e-02	-6.432809e-01
2.213000e-02	-6.924346e-01
2.214000e-02	-6.856279e-01
2.215000e-02	-6.111202e-01
2.216000e-02	-4.862755e-01
2.217000e-02	-3.543004e-01
2.218000e-02	-2.629220e-01
2.219000e-02	-2.346508e-01
2.220000e-02	-2.531171e-01
2.221000e-02	-2.803337e-01
2.222000e-02	-2.904356e-01
2.223000e-02	-2.879656e-01
2.224000e-02	-2.944145e-01
2.225000e-02	-3.194844e-01
2.226000e-02	-3.476814e-01
2.227000e-02	-3.523181e-01
2.228000e-02	-3.202844e-01
2.229000e-02	-2.628785e-01
2.230000e-02	-2.051030e-01
2.231000e-02	-1.659363e-01
2.232000e-02	-1.456898e-01
2.233000e-02	-1.266412e-01
2.234000e-02	-8.426406e-02
2.235000e-02	-3.749183e-03
2.236000e-02	1.057019e-01
2.237000e-02	2.095673e-01
2.238000e-02	2.662556e-01
2.239000e-02	2.560107e-01
2.240000e-02	1.978171e-01
2.241000e-02	1.376495e-01
2.242000e-02	1.160175e-01
2.243000e-02	1.420978e-01
2.244000e-02	1.948946e-01
2.245000e-02	2.458264e-01
2.246000e-02	2.794901e-01
2.247000e-02	2.966674e-01
2.248000e-02	3.040599e-01
2.249000e-02	3.052148e-01
2.250000e-02	2.995669e-01
2.251000e-02	2.855163e-01
2.252000e-02	2.626731e-01
2.253000e-02	2.342094e-01
2.254000e-02	2.105124e-01
2.255000e-02	2.090647e-01
2.256000e-02	2.445574e-01
2.257000e-02	3.137474e-01
2.258000e-02	3.900038e-01
2.259000e-02	4.371925e-01
2.260000e-02	4.337802e-01
2.261000e-02	3.862463e-01
2.262000e-02	3.205640e-01
2.263000e-02	2.616063e-01
2.264000e-02	2.196430e-01
2.265000e-02	1.919419e-01
2.266000e-02	1.711153e-01
2.267000e-02	1.493494e-01
2.268000e-02	1.185801e-01
2.269000e-02	7.378907e-02
2.270000e-02	1.989321e-02
2.271000e-02	-2.733501e-02
2.272000e-02	-5.295670e-02
2.273000e-02	-5.871703e-02
2.274000e-02	-6.586665e-02
2.275000e-02	-9.844515e-02
2.276000e-02	-1.606460e-01
2.277000e-02	-2.291572e-01
2.278000e-02	-2.674222e-01
2.279000e-02	-2.488671e-01
2.280000e-02	-1.709697e-01
2.281000e-02	-5.421393e-02
2.282000e-02	6.677435e-02
2.283000e-02	1.523050e-01
2.284000e-02	1.677027e-01
2.285000e-02	9.758143e-02
2.286000e-02	-4.092910e-02
2.287000e-02	-1.988944e-01
2.288000e-02	-3.168250e-01
2.289000e-02	-3.557866e-01
2.290000e-02	-3.167989e-01
2.291000e-02	-2.349495e-01
2.292000e-02	-1.547353e-01
2.293000e-02	-1.062641e-01
2.294000e-02	-9.687625e-02
2.295000e-02	-1.169497e-01
2.296000e-02	-1.487762e-01
2.297000e-02	-1.712821e-01
2.298000e-02	-1.632490e-01
2.299000e-02	-1.107234e-01
2.300000e-02	-1.726968e-02
2.301000e-02	9.213255e-02
2.302000e-02	1.809218e-01
2.303000e-02	2.206143e-01
2.304000e-02	2.065600e-01
2.305000e-02	1.578129e-01
2.306000e-02	1.014417e-01
2.307000e-02	5.355874e-02
2.308000e-02	1.082173e-02
2.309000e-02	-4.311566e-02
2.310000e-02	-1.230673e-01
2.311000e-02	-2.309118e-01
2.312000e-02	-3.539711e-01
2.313000e-02	-4.716486e-01
2.314000e-02	-5.639708e-01
2.315000e-02	-6.170153e-01
2.316000e-02	-6.249899e-01
2.317000e-02	-5.917093e-01
2.318000e-02	-5.324249e-01
2.319000e-02	-4.726643e-01
2.320000e-02	-4.397140e-01
2.321000e-02	-4.479949e-01
2.322000e-02	-4.877650e-01
2.323000e-02	-5.281624e-01
2.324000e-02	-5.358050e-01
2.325000e-02	-4.960702e-01
2.326000e-02	-4.199549e-01
2.327000e-02	-3.315170e-01
2.328000e-02	-2.488552e-01
2.329000e-02	-1.769113e-01
2.330000e-02	-1.166041e-01
2.331000e-02	-7.634928e-02
2.332000e-02	-6.961289e-02
2.333000e-02	-9.917086e-02
2.334000e-02	-1.460293e-01
2.335000e-02	-1.779035e-01
2.336000e-02	-1.711122e-01
2.337000e-02	-1.245103e-01
2.338000e-02	-5.265335e-02
2.339000e-02	3.163259e-02
2.340000e-02	1.242471e-01
2.341000e-02	2.192928e-01
2.342000e-02	2.962681e-01
2.343000e-02	3.244543e-01
2.344000e-02	2.847842e-01
2.345000e-02	1.888116e-01
2.346000e-02	7.570395e-02
2.347000e-02	-1.055237e-02
2.348000e-02	-4.416446e-02
2.349000e-02	-2.495180e-02
2.350000e-02	2.861915e-02
2.351000e-02	8.991668e-02
2.352000e-02	1.325736e-01
2.353000e-02	1.393562e-01
2.354000e-02	1.116470e-01
2.355000e-02	7.131729e-02
2.356000e-02	4.761894e-02
2.357000e-02	5.585112e-02
2.358000e-02	8.645014e-02
2.359000e-02	1.160549e-01
2.360000e-02	1.304392e-01
2.361000e-02	1.361837e-01
2.362000e-02	1.491929e-01
2.363000e-02	1.725093e-01
2.364000e-02	1.870347e-01
2.365000e-02	1.648487e-01
2.366000e-02	9.144581e-02
2.367000e-02	-2.454051e-02
2.368000e-02	-1.610654e-01
2.369000e-02	-2.995405e-01
2.370000e-02	-4.327462e-01
2.371000e-02	-5.602147e-01
2.372000e-02	-6.798166e-01
2.373000e-02	-7.837424e-01
2.374000e-02	-8.586321e-01
2.375000e-02	-8.865063e-01
2.376000e-02	-8.484387e-01
2.377000e-02	-7.358468e-01
2.378000e-02	-5.661585e-01
2.379000e-02	-3.880049e-01
2.380000e-02	-2.628499e-01
2.381000e-02	-2.296313e-01
2.382000e-02	-2.789694e-01
2.383000e-02	-3.607671e-01
2.384000e-02	-4.215818e-01
2.385000e-02	-4.408748e-01
2.386000e-02	-4.357736e-01
2.387000e-02	-4.332436e-01
2.388000e-02	-4.383401e-01
2.389000e-02	-4.286108e-01
2.390000e-02	-3.776868e-01
2.391000e-02	-2.834809e-01
2.392000e-02	-1.744919e-01
2.393000e-02	-9.026874e-02
2.394000e-02	-5.476400e-02
2.395000e-02	-6.363968e-02
2.396000e-02	-9.113229e-02
2.397000e-02	-1.069562e-01
2.398000e-02	-9.119512e-02
2.399000e-02	-4.163707e-02
2.400000e-02	2.650015e-02
2.401000e-02	8.734750e-02
2.402000e-02	1.156771e-01
2.403000e-02	9.789744e-02
2.404000e-02	3.687920e-02
2.405000e-02	-5.130685e-02
2.406000e-02	-1.450657e-01
2.407000e-02	-2.244449e-01
2.408000e-02	-2.761173e-01
2.409000e-02	-2.964828e-01
2.410000e-02	-2.912908e-01
2.411000e-02	-2.694755e-01
2.412000e-02	-2.341286e-01
2.413000e-02	-1.796505e-01
2.414000e-02	-1.008048e-01
2.415000e-02	-6.444043e-03
2.416000e-02	7.755278e-02
2.417000e-02	1.225175e-01
2.418000e-02	1.160745e-01
2.419000e-02	6.738804e-02
2.420000e-02	-4.709332e-03
2.421000e-02	-8.461580e-02
2.422000e-02	-1.591586e-01
2.423000e-02	-2.097140e-01
2.424000e-02	-2.168215e-01
2.425000e-02	-1.809359e-01
2.426000e-02	-1.354907e-01
2.427000e-02	-1.271556e-01
2.428000e-02	-1.727387e-01
2.429000e-02	-2.354843e-01
2.430000e-02	-2.520246e-01
2.431000e-02	-1.901018e-01
2.432000e-02	-8.102166e-02
2.433000e-02	7.033483e-03
2.434000e-02	2.884539e-02
2.435000e-02	-3.945306e-03
2.436000e-02	-4.479384e-02
2.437000e-02	-6.198295e-02
2.438000e-02	-6.448463e-02
2.439000e-02	-8.409287e-02
2.440000e-02	-1.402146e-01
2.441000e-02	-2.237636e-01
2.442000e-02	-3.077253e-01
2.443000e-02	-3.646428e-01
2.444000e-02	-3.748549e-01
2.445000e-02	-3.293557e-01
2.446000e-02	-2.360243e-01
2.447000e-02	-1.237174e-01
2.448000e-02	-3.137547e-02
2.449000e-02	1.527847e-02
2.450000e-02	1.794372e-02
2.451000e-02	-4.562851e-03
2.452000e-02	-3.901707e-02
2.453000e-02	-8.627488e-02
2.454000e-02	-1.475828e-01
2.455000e-02	-2.096666e-01
2.456000e-02	-2.507505e-01
2.457000e-02	-2.606723e-01
2.458000e-02	-2.474769e-01
2.459000e-02	-2.198029e-01
2.460000e-02	-1.686275e-01
2.461000e-02	-7.702978e-02
2.462000e-02	4.876891e-02
2.463000e-02	1.667634e-01
2.464000e-02	2.295176e-01
2.465000e-02	2.311212e-01
2.466000e-02	2.177871e-01
2.467000e-02	2.434756e-01
2.468000e-02	3.123393e-01
2.469000e-02	3.676346e-01
2.470000e-02	3.398362e-01
2.471000e-02	2.061761e-01
2.472000e-02	5.474678e-03
2.473000e-02	-1.982838e-01
2.474000e-02	-3.602523e-01
2.475000e-02	-4.657357e-01
2.476000e-02	-5.109771e-01
2.477000e-02	-4.883556e-01
2.478000e-02	-3.966664e-01
2.479000e-02	-2.606136e-01
2.480000e-02	-1.301610e-01
2.481000e-02	-5.351578e-02
2.482000e-02	-4.744247e-02
2.483000e-02	-9.133465e-02
2.484000e-02	-1.470879e-01
2.485000e-02	-1.841796e-01
2.486000e-02	-1.903460e-01
2.487000e-02	-1.664108e-01
2.488000e-02	-1.174699e-01
2.489000e-02	-5.041780e-02
2.490000e-02	2.318252e-02
2.491000e-02	8.660961e-02
2.492000e-02	1.248493e-01
2.493000e-02	1.356613e-01
2.494000e-02	1.354461e-01
2.495000e-02	1.516907e-01
2.496000e-02	2.034722e-01
2.497000e-02	2.836430e-01
2.498000e-02	3.593354e-01
2.499000e-02	3.944519e-01
2.500000e-02	3.774430e-01
2.501000e-02	3.298743e-01
2.502000e-02	2.871097e-01
2.503000e-02	2.688184e-01
2.504000e-02	2.672264e-01
2.505000e-02	2.631882e-01
2.506000e-02	2.520037e-01
2.507000e-02	2.519156e-01
2.508000e-02	2.874248e-01
2.509000e-02	3.657415e-01
2.510000e-02	4.701481e-01
2.511000e-02	5.748267e-01
2.512000e-02	6.640947e-01
2.513000e-02	7.374566e-01
2.514000e-02	7.992135e-01
2.515000e-02	8.469639e-01
2.516000e-02	8.715314e-01
2.517000e-02	8.664640e-01
2.518000e-02	8.351715e-01
2.519000e-02	7.876376e-01
2.520000e-02	7.305391e-01
2.521000e-02	6.617319e-01
2.522000e-02	5.759502e-01
2.523000e-02	4.776295e-01
2.524000e-02	3.888292e-01
2.525000e-02	3.423456e-01
2.526000e-02	3.615239e-01
2.527000e-02	4.405605e-01
2.528000e-02	5.416013e-01
2.529000e-02	6.137382e-01
2.530000e-02	6.219720e-01
2.531000e-02	5.658052e-01
2.532000e-02	4.751800e-01
2.533000e-02	3.889385e-01
2.534000e-02	3.324843e-01
2.535000e-02	3.083609e-01
2.536000e-02	3.016378e-01
2.537000e-02	2.930060e-01
2.538000e-02	2.713541e-01
2.539000e-02	2.403541e-01
2.540000e-02	2.158746e-01
2.541000e-02	2.142015e-01
2.542000e-02	2.373092e-01
2.543000e-02	2.665318e-01
2.544000e-02	2.721906e-01
2.545000e-02	2.339583e-01
2.546000e-02	1.563154e-01
2.547000e-02	6.676402e-02
2.548000e-02	-9.434800e-04
2.549000e-02	-2.495743e-02
2.550000e-02	-3.441315e-03
2.551000e-02	4.812588e-02
2.552000e-02	1.046683e-01
2.553000e-02	1.402905e-01
2.554000e-02	1.371843e-01
2.555000e-02	9.190015e-02
2.556000e-02	1.404345e-02
2.557000e-02	-8.260432e-02
2.558000e-02	-1.878098e-01
2.559000e-02	-2.926964e-01
2.560000e-02	-3.813833e-01
2.561000e-02	-4.309876e-01
2.562000e-02	-4.269915e-01
2.563000e-02	-3.801410e-01
2.564000e-02	-3.225666e-01
2.565000e-02	-2.804689e-01
2.566000e-02	-2.500425e-01
2.567000e-02	-2.062054e-01
2.568000e-02	-1.398777e-01
2.569000e-02	-8.332958e-02
2.570000e-02	-8.868376e-02
2.571000e-02	-1.732779e-01
2.572000e-02	-2.872458e-01
2.573000e-02	-3.441656e-01
2.574000e-02	-2.938406e-01
2.575000e-02	-1.699452e-01
2.576000e-02	-6.517345e-02
2.577000e-02	-5.519450e-02
2.578000e-02	-1.408304e-01
2.579000e-02	-2.573545e-01
2.580000e-02	-3.340205e-01
2.581000e-02	-3.439868e-01
2.582000e-02	-3.045485e-01
2.583000e-02	-2.423730e-01
2.584000e-02	-1.679433e-01
2.585000e-02	-8.144678e-02
2.586000e-02	8.854924e-03
2.587000e-02	8.597950e-02
2.588000e-02	1.434465e-01
2.589000e-02	1.970445e-01
2.590000e-02	2.686444e-01
2.591000e-02	3.569278e-01
2.592000e-02	4.302094e-01
2.593000e-02	4.546899e-01
2.594000e-02	4.304335e-01
2.595000e-02	3.948443e-01
2.596000e-02	3.865000e-01
2.597000e-02	4.057264e-01
2.598000e-02	4.134864e-01
2.599000e-02	3.700540e-01
2.600000e-02	2.732724e-01
2.601000e-02	1.584466e-01
2.602000e-02	6.426603e-02
2.603000e-02	3.537301e-03
2.604000e-02	-3.306474e-02
2.605000e-02	-5.212090e-02
2.606000e-02	-4.517882e-02
2.607000e-02	-2.820856e-03
2.608000e-02	6.582799e-02
2.609000e-02	1.354892e-01
2.610000e-02	1.878781e-01
2.611000e-02	2.276224e-01
2.612000e-02	2.713865e-01
2.613000e-02	3.235372e-01
2.614000e-02	3.679276e-01
2.615000e-02	3.850717e-01
2.616000e-02	3.729836e-01
2.617000e-02	3.468679e-01
2.618000e-02	3.204092e-01
2.619000e-02	2.937475e-01
2.620000e-02	2.621853e-01
2.621000e-02	2.308798e-01
2.622000e-02	2.129042e-01
2.623000e-02	2.119222e-01
2.624000e-02	2.142037e-01
2.625000e-02	2.046128e-01
2.626000e-02	1.884093e-01
2.627000e-02	1.886130e-01
2.628000e-02	2.170540e-01
2.629000e-02	2.529902e-01
2.630000e-02	2.592965e-01
2.631000e-02	2.224823e-01
2.632000e-02	1.707931e-01
2.633000e-02	1.462598e-01
2.634000e-02	1.598465e-01
2.635000e-02	1.808507e-01
2.636000e-02	1.739034e-01
2.637000e-02	1.418452e-01
2.638000e-02	1.251617e-01
2.639000e-02	1.581609e-01
2.640000e-02	2.310812e-01
2.641000e-02	2.993355e-01
2.642000e-02	3.272127e-01
2.643000e-02	3.172244e-01
2.644000e-02	2.974460e-01
2.645000e-02	2.882148e-01
2.646000e-02	2.873841e-01
2.647000e-02	2.835680e-01
2.648000e-02	2.716694e-01
2.649000e-02	2.487963e-01
2.650000e-02	2.021733e-01
2.651000e-02	1.158364e-01
2.652000e-02	-2.866678e-03
2.653000e-02	-1.094268e-01
2.654000e-02	-1.478012e-01
2.655000e-02	-9.863541e-02
2.656000e-02	-2.363511e-03
2.657000e-02	6.904112e-02
2.658000e-02	6.566050e-02
2.659000e-02	-1.189562e-02
2.660000e-02	-1.297729e-01
2.661000e-02	-2.563672e-01
2.662000e-02	-3.765119e-01
2.663000e-02	-4.781224e-01
2.664000e-02	-5.396988e-01
2.665000e-02	-5.416586e-01
2.666000e-02	-4.892206e-01
2.667000e-02	-4.158033e-01
2.668000e-02	-3.575204e-01
2.669000e-02	-3.243004e-01
2.670000e-02	-2.981732e-01
2.671000e-02	-2.582951e-01
2.672000e-02	-2.029578e-01
2.673000e-02	-1.456920e-01
2.674000e-02	-9.550284e-02
2.675000e-02	-4.922261e-02
2.676000e-02	-5.750313e-03
2.677000e-02	1.856872e-02
2.678000e-02	-1.791811e-03
2.679000e-02	-7.327912e-02
2.680000e-02	-1.655024e-01
2.681000e-02	-2.267388e-01
2.682000e-02	-2.207481e-01
2.683000e-02	-1.503647e-01
2.684000e-02	-4.776928e-02
2.685000e-02	5.454008e-02
2.686000e-02	1.422015e-01
2.687000e-02	2.140400e-01
2.688000e-02	2.678071e-01
2.689000e-02	2.964370e-01
2.690000e-02	2.963776e-01
2.691000e-02	2.729173e-01
2.692000e-02	2.330241e-01
2.693000e-02	1.749091e-01
2.694000e-02	8.964590e-02
2.695000e-02	-2.507356e-02
2.696000e-02	-1.561307e-01
2.697000e-02	-2.840643e-01
2.698000e-02	-4.006440e-01
2.699000e-02	-5.122521e-01
2.700000e-02	-6.208881e-01
2.701000e-02	-7.026043e-01
2.702000e-02	-7.118558e-01
2.703000e-02	-6.159997e-01
2.704000e-02	-4.305043e-01
2.705000e-02	-2.189216e-01
2.706000e-02	-5.218617e-02
2.707000e-02	3.961856e-02
2.708000e-02	8.157707e-02
2.709000e-02	1.233753e-01
2.710000e-02	1.927447e-01
2.711000e-02	2.737069e-01
2.712000e-02	3.252130e-01
2.713000e-02	3.191398e-01
2.714000e-02	2.623492e-01
2.715000e-02	1.860579e-01
2.716000e-02	1.170804e-01
2.717000e-02	6.007367e-02
2.718000e-02	5.979348e-03
2.719000e-02	-4.548607e-02
2.720000e-02	-7.548571e-02
2.721000e-02	-6.135838e-02
2.722000e-02	-3.857078e-03
2.723000e-02	6.227598e-02
2.724000e-02	8.960397e-02
2.725000e-02	5.584650e-02
2.726000e-02	-1.543236e-02
2.727000e-02	-7.197101e-02
2.728000e-02	-7.463799e-02
2.729000e-02	-2.791628e-02
2.730000e-02	2.688950e-02
2.731000e-02	4.828674e-02
2.732000e-02	2.859223e-02
2.733000e-02	-1.882788e-03
2.734000e-02	-4.378855e-05
2.735000e-02	5.841062e-02
2.736000e-02	1.636994e-01
2.737000e-02	2.785332e-01
2.738000e-02	3.572713e-01
2.739000e-02	3.658574e-01
2.740000e-02	2.953977e-01
2.741000e-02	1.655753e-01
2.742000e-02	1.584319e-02
2.743000e-02	-1.126671e-01
2.744000e-02	-1.944364e-01
2.745000e-02	-2.250217e-01
2.746000e-02	-2.132439e-01
2.747000e-02	-1.705289e-01
2.748000e-02	-1.088577e-01
2.749000e-02	-4.680242e-02
2.750000e-02	-1.133770e-02
2.751000e-02	-2.588124e-02
2.752000e-02	-9.087917e-02
2.753000e-02	-1.753084e-01
2.754000e-02	-2.314209e-01
2.755000e-02	-2.250400e-01
2.756000e-02	-1.586185e-01
2.757000e-02	-6.874838e-02
2.758000e-02	-1.585829e-04
2.759000e-02	2.352416e-02
2.760000e-02	1.099969e-02
2.761000e-02	-9.029933e-03
2.762000e-02	-1.121442e-02
2.763000e-02	1.030729e-02
2.764000e-02	4.196350e-02
2.765000e-02	6.199920e-02
2.766000e-02	5.201025e-02
2.767000e-02	3.185913e-03
2.768000e-02	-8.037865e-02
2.769000e-02	-1.785819e-01
2.770000e-02	-2.565223e-01
2.771000e-02	-2.770602e-01
2.772000e-02	-2.229241e-01
2.773000e-02	-1.130301e-01
2.774000e-02	3.855980e-03
2.775000e-02	7.801184e-02
2.776000e-02	8.907587e-02
2.777000e-02	5.370051e-02
2.778000e-02	6.502324e-03
2.779000e-02	-2.642000e-02
2.780000e-02	-3.914115e-02
2.781000e-02	-3.897140e-02
2.782000e-02	-3.509915e-02
2.783000e-02	-3.533873e-02
2.784000e-02	-4.803120e-02
2.785000e-02	-7.855589e-02
2.786000e-02	-1.198332e-01
2.787000e-02	-1.492426e-01
2.788000e-02	-1.412583e-01
2.789000e-02	-8.733879e-02
2.790000e-02	-3.710966e-03
2.791000e-02	8.158344e-02
2.792000e-02	1.497628e-01
2.793000e-02	2.002048e-01
2.794000e-02	2.409886e-01
2.795000e-02	2.739466e-01
2.796000e-02	2.900826e-01
2.797000e-02	2.773889e-01
2.798000e-02	2.302966e-01
2.799000e-02	1.516831e-01
2.800000e-02	4.898024e-02
2.801000e-02	-6.878548e-02
2.802000e-02	-1.905945e-01
2.803000e-02	-3.029271e-01
2.804000e-02	-3.918893e-01
2.805000e-02	-4.468388e-01
2.806000e-02	-4.635245e-01
2.807000e-02	-4.465275e-01
2.808000e-02	-4.100629e-01
2.809000e-02	-3.735195e-01
2.810000e-02	-3.504177e-01
2.811000e-02	-3.381270e-01
2.812000e-02	-3.200996e-01
2.813000e-02	-2.824679e-01
2.814000e-02	-2.300211e-01
2.815000e-02	-1.833289e-01
2.816000e-02	-1.574404e-01
2.817000e-02	-1.444597e-01
2.818000e-02	-1.206470e-01
2.819000e-02	-7.210599e-02
2.820000e-02	-1.107022e-02
2.821000e-02	3.569931e-02
2.822000e-02	5.318313e-02
2.823000e-02	4.881558e-02
2.824000e-02	3.608420e-02
2.825000e-02	1.237904e-02
2.826000e-02	-3.982255e-02
2.827000e-02	-1.271710e-01
2.828000e-02	-2.250735e-01
2.829000e-02	-2.901249e-01
2.830000e-02	-2.973989e-01
2.831000e-02	-2.654919e-01
2.832000e-02	-2.418208e-01
2.833000e-02	-2.596005e-01
2.834000e-02	-3.060785e-01
2.835000e-02	-3.313823e-01
2.836000e-02	-2.902240e-01
2.837000e-02	-1.803958e-01
2.838000e-02	-4.655813e-02
2.839000e-02	5.182881e-02
2.840000e-02	8.104019e-02
2.841000e-02	5.069907e-02
2.842000e-02	-1.577138e-03
2.843000e-02	-4.129149e-02
2.844000e-02	-5.672770e-02
2.845000e-02	-5.463149e-02
2.846000e-02	-4.345028e-02
2.847000e-02	-2.476443e-02
2.848000e-02	7.876545e-04
2.849000e-02	2.671966e-02
2.850000e-02	4.726102e-02
2.851000e-02	7.104794e-02
2.852000e-02	1.205821e-01
2.853000e-02	2.093842e-01
2.854000e-02	3.184579e-01
2.855000e-02	4.025675e-01
2.856000e-02	4.279392e-01
2.857000e-02	4.056408e-01
2.858000e-02	3.841683e-01
2.859000e-02	4.063656e-01
2.860000e-02	4.743845e-01
2.861000e-02	5.569048e-01
2.862000e-02	6.253472e-01
2.863000e-02	6.755899e-01
2.864000e-02	7.134640e-01
2.865000e-02	7.282442e-01
2.866000e-02	6.922565e-01
2.867000e-02	5.907491e-01
2.868000e-02	4.472512e-01
2.869000e-02	3.133750e-01
2.870000e-02	2.324266e-01
2.871000e-02	2.135532e-01
2.872000e-02	2.370639e-01
2.873000e-02	2.761906e-01
2.874000e-02	3.098916e-01
2.875000e-02	3.225520e-01
2.876000e-02	3.054367e-01
2.877000e-02	2.654890e-01
2.878000e-02	2.266810e-01
2.879000e-02	2.117174e-01
2.880000e-02	2.184525e-01
2.881000e-02	2.196948e-01
2.882000e-02	1.926411e-01
2.883000e-02	1.485093e-01
2.884000e-02	1.284531e-01
2.885000e-02	1.670216e-01
2.886000e-02	2.592393e-01
2.887000e-02	3.622135e-01
2.888000e-02	4.256009e-01
2.889000e-02	4.205495e-01
2.890000e-02	3.473150e-01
2.891000e-02	2.269481e-01
2.892000e-02	9.050359e-02
2.893000e-02	-3.113817e-02
2.894000e-02	-1.189888e-01
2.895000e-02	-1.724783e-01
2.896000e-02	-2.000996e-01
2.897000e-02	-1.995308e-01
2.898000e-02	-1.508591e-01
2.899000e-02	-3.728615e-02
2.900000e-02	1.254987e-01
2.901000e-02	2.867004e-01
2.902000e-02	3.936162e-01
2.903000e-02	4.279612e-01
2.904000e-02	4.074251e-01
2.905000e-02	3.552386e-01
2.906000e-02	2.776993e-01
2.907000e-02	1.759987e-01
2.908000e-02	7.140988e-02
2.909000e-02	3.703077e-03
2.910000e-02	-1.894883e-03
2.911000e-02	4.073446e-02
2.912000e-02	9.610918e-02
2.913000e-02	1.479111e-01
2.914000e-02	2.124811e-01
2.915000e-02	3.068468e-01
2.916000e-02	4.109932e-01
2.917000e-02	4.739604e-01
2.918000e-02	4.606404e-01
2.919000e-02	3.857886e-01
2.920000e-02	2.966538e-01
2.921000e-02	2.267602e-01
2.922000e-02	1.743960e-01
2.923000e-02	1.239341e-01
2.924000e-02	7.466344e-02
2.925000e-02	3.875971e-02
2.926000e-02	1.710910e-02
2.927000e-02	-7.105658e-03
2.928000e-02	-4.425770e-02
2.929000e-02	-7.806079e-02
2.930000e-02	-8.387441e-02
2.931000e-02	-6.833351e-02
2.932000e-02	-7.735350e-02
2.933000e-02	-1.521540e-01
2.934000e-02	-2.784937e-01
2.935000e-02	-3.901777e-01
2.936000e-02	-4.289539e-01
2.937000e-02	-3.970766e-01
2.938000e-02	-3.455866e-01
2.939000e-02	-3.140174e-01
2.940000e-02	-2.904554e-01
2.941000e-02	-2.340059e-01
2.942000e-02	-1.296422e-01
2.943000e-02	-1.271489e-02
2.944000e-02	6.033853e-02
2.945000e-02	5.930791e-02
2.946000e-02	-2.039986e-03
2.947000e-02	-8.579744e-02
2.948000e-02	-1.580866e-01
2.949000e-02	-2.004995e-01
2.950000e-02	-2.077292e-01
2.951000e-02	-1.856462e-01
2.952000e-02	-1.509548e-01
2.953000e-02	-1.235633e-01
2.954000e-02	-1.134074e-01
2.955000e-02	-1.167009e-01
2.956000e-02	-1.281190e-01
2.957000e-02	-1.533316e-01
2.958000e-02	-2.023409e-01
2.959000e-02	-2.682202e-01
2.960000e-02	-3.185231e-01
2.961000e-02	-3.160027e-01
2.962000e-02	-2.511160e-01
2.963000e-02	-1.527856e-01
2.964000e-02	-6.683697e-02
2.965000e-02	-2.591939e-02
2.966000e-02	-3.933551e-02
2.967000e-02	-1.030889e-01
2.968000e-02	-2.073517e-01
2.969000e-02	-3.292456e-01
2.970000e-02	-4.265221e-01
2.971000e-02	-4.532404e-01
2.972000e-02	-3.921272e-01
2.973000e-02	-2.727880e-01
2.974000e-02	-1.539324e-01
2.975000e-02	-8.309662e-02
2.976000e-02	-6.919461e-02
2.977000e-02	-8.829265e-02
2.978000e-02	-1.102649e-01
2.979000e-02	-1.190680e-01
2.980000e-02	-1.131876e-01
2.981000e-02	-9.450183e-02
2.982000e-02	-6.041068e-02
2.983000e-02	-5.310244e-03
2.984000e-02	7.188038e-02
2.985000e-02	1.598718e-01
2.986000e-02	2.325539e-01
2.987000e-02	2.577843e-01
2.988000e-02	2.177487e-01
2.989000e-02	1.284137e-01
2.990000e-02	3.830955e-02
2.991000e-02	-2.931664e-04
2.992000e-02	3.169389e-02
2.993000e-02	1.074740e-01
2.994000e-02	1.791788e-01
2.995000e-02	2.183183e-01
2.996000e-02	2.347132e-01
2.997000e-02	2.582062e-01
2.998000e-02	3.035837e-01
2.999000e-02	3.530910e-01
3.000000e-02	3.709349e-01
3.001000e-02	3.336525e-01
3.002000e-02	2.493743e-01
3.003000e-02	1.532973e-01
3.004000e-02	8.691288e-02
3.005000e-02	7.626928e-02
3.006000e-02	1.196654e-01
3.007000e-02	1.883515e-01
3.008000e-02	2.400042e-01
3.009000e-02	2.404470e-01
3.010000e-02	1.830054e-01
3.011000e-02	9.323624e-02
3.012000e-02	1.479075e-02
3.013000e-02	-1.510153e-02
3.014000e-02	1.434547e-02
3.015000e-02	8.232224e-02
3.016000e-02	1.471563e-01
3.017000e-02	1.673561e-01
3.018000e-02	1.242441e-01
3.019000e-02	3.500058e-02
3.020000e-02	-5.436346e-02
3.021000e-02	-9.668864e-02
3.022000e-02	-7.573443e-02
3.023000e-02	-1.754223e-02
3.024000e-02	3.114037e-02
3.025000e-02	4.166796e-02
3.026000e-02	2.636384e-02
3.027000e-02	2.480257e-02
3.028000e-02	6.605349e-02
3.029000e-02	1.416727e-01
3.030000e-02	2.133701e-01
3.031000e-02	2.459994e-01
3.032000e-02	2.337860e-01
3.033000e-02	1.970537e-01
3.034000e-02	1.569730e-01
3.035000e-02	1.159281e-01
3.036000e-02	6.219161e-02
3.037000e-02	-8.936387e-03
3.038000e-02	-8.155782e-02
3.039000e-02	-1.276722e-01
3.040000e-02	-1.286169e-01
3.041000e-02	-8.762622e-02
3.042000e-02	-2.208073e-02
3.043000e-02	5.466597e-02
3.044000e-02	1.423960e-01
3.045000e-02	2.458554e-01
3.046000e-02	3.600523e-01
3.047000e-02	4.659212e-01
3.048000e-02	5.409236e-01
3.049000e-02	5.730206e-01
3.050000e-02	5.644040e-01
3.051000e-02	5.244329e-01
3.052000e-02	4.630445e-01
3.053000e-02	3.924771e-01
3.054000e-02	3.315375e-01
3.055000e-02	3.007958e-01
3.056000e-02	3.076846e-01
3.057000e-02	3.354981e-01
3.058000e-02	3.506965e-01
3.059000e-02	3.258848e-01
3.060000e-02	2.593120e-01
3.061000e-02	1.742292e-01
3.062000e-02	1.004738e-01
3.063000e-02	5.565204e-02
3.064000e-02	3.951037e-02
3.065000e-02	3.966052e-02
3.066000e-02	3.849933e-02
3.067000e-02	1.711969e-02
3.068000e-02	-3.927642e-02
3.069000e-02	-1.319174e-01
3.070000e-02	-2.421559e-01
3.071000e-02	-3.378968e-01
3.072000e-02	-3.909745e-01
3.073000e-02	-3.911838e-01
3.074000e-02	-3.454156e-01
3.075000e-02	-2.667755e-01
3.076000e-02	-1.690511e-01
3.077000e-02	-7.263794e-02
3.078000e-02	-9.631879e-03
3.079000e-02	-1.206372e-02
3.080000e-02	-8.600195e-02
3.081000e-02	-1.953895e-01
3.082000e-02	-2.767606e-01
3.083000e-02	-2.783272e-01
3.084000e-02	-1.921338e-01
3.085000e-02	-5.291666e-02
3.086000e-02	9.217590e-02
3.087000e-02	2.138260e-01
3.088000e-02	3.064672e-01
3.089000e-02	3.726341e-01
3.090000e-02	4.080926e-01
3.091000e-02	4.037430e-01
3.092000e-02	3.586716e-01
3.093000e-02	2.869533e-01
3.094000e-02	2.098938e-01
3.095000e-02	1.424187e-01
3.096000e-02	8.768582e-02
3.097000e-02	4.349043e-02
3.098000e-02	1.116827e-02
3.099000e-02	-3.459637e-03
3.100000e-02	2.535379e-03
3.101000e-02	2.234798e-02
3.102000e-02	4.112697e-02
3.103000e-02	4.561461e-02
3.104000e-02	3.397968e-02
3.105000e-02	1.806515e-02
3.106000e-02	1.599363e-02
3.107000e-02	3.966291e-02
3.108000e-02	8.524126e-02
3.109000e-02	1.335109e-01
3.110000e-02	1.609179e-01
3.111000e-02	1.545386e-01
3.112000e-02	1.205552e-01
3.113000e-02	8.015826e-02
3.114000e-02	5.621903e-02
3.115000e-02	6.044315e-02
3.116000e-02	8.860961e-02
3.117000e-02	1.241387e-01
3.118000e-02	1.455841e-01
3.119000e-02	1.349002e-01
3.120000e-02	8.574878e-02
3.121000e-02	9.432403e-03
3.122000e-02	-6.725547e-02
3.123000e-02	-1.153564e-01
3.124000e-02	-1.214668e-01
3.125000e-02	-9.554248e-02
3.126000e-02	-6.001669e-02
3.127000e-02	-2.782042e-02
3.128000e-02	1.145583e-02
3.129000e-02	8.396174e-02
3.130000e-02	2.082621e-01
3.131000e-02	3.759924e-01
3.132000e-02	5.522233e-01
3.133000e-02	6.942354e-01
3.134000e-02	7.736120e-01
3.135000e-02	7.866551e-01
3.136000e-02	7.488806e-01
3.137000e-02	6.802571e-01
3.138000e-02	5.921663e-01
3.139000e-02	4.845824e-01
3.140000e-02	3.550806e-01
3.141000e-02	2.127355e-01
3.142000e-02	8.466138e-02
3.143000e-02	6.683511e-03
3.144000e-02	2.309232e-03
3.145000e-02	6.582249e-02
3.146000e-02	1.639581e-01
3.147000e-02	2.556541e-01
3.148000e-02	3.145230e-01
3.149000e-02	3.381566e-01
3.150000e-02	3.414386e-01
3.151000e-02	3.433298e-01
3.152000e-02	3.569404e-01
3.153000e-02	3.849957e-01
3.154000e-02	4.186053e-01
3.155000e-02	4.399800e-01
3.156000e-02	4.314375e-01
3.157000e-02	3.875190e-01
3.158000e-02	3.204621e-01
3.159000e-02	2.525973e-01
3.160000e-02	2.017852e-01
3.161000e-02	1.735920e-01
3.162000e-02	1.660863e-01
3.163000e-02	1.781395e-01
3.164000e-02	2.083814e-01
3.165000e-02	2.451033e-01
3.166000e-02	2.617144e-01
3.167000e-02	2.292132e-01
3.168000e-02	1.383835e-01
3.169000e-02	1.138763e-02
3.170000e-02	-1.092433e-01
3.171000e-02	-1.852347e-01
3.172000e-02	-2.007724e-01
3.173000e-02	-1.632894e-01
3.174000e-02	-9.261275e-02
3.175000e-02	-1.055477e-02
3.176000e-02	6.400614e-02
3.177000e-02	1.175703e-01
3.178000e-02	1.445182e-01
3.179000e-02	1.474136e-01
3.180000e-02	1.329980e-01
3.181000e-02	1.070007e-01
3.182000e-02	7.283844e-02
3.183000e-02	3.421481e-02
3.184000e-02	-3.543236e-03
3.185000e-02	-3.623587e-02
3.186000e-02	-6.370707e-02
3.187000e-02	-8.776732e-02
3.188000e-02	-1.066846e-01
3.189000e-02	-1.132670e-01
3.190000e-02	-9.950687e-02
3.191000e-02	-6.214347e-02
3.192000e-02	-2.453002e-03
3.193000e-02	7.773411e-02
3.194000e-02	1.754382e-01
3.195000e-02	2.792899e-01
3.196000e-02	3.654856e-01
3.197000e-02	4.073810e-01
3.198000e-02	3.943048e-01
3.199000e-02	3.415740e-01
3.200000e-02	2.795659e-01
3.201000e-02	2.308357e-01
3.202000e-02	1.969569e-01
3.203000e-02	1.658779e-01
3.204000e-02	1.285598e-01
3.205000e-02	8.591153e-02
3.206000e-02	4.138518e-02
3.207000e-02	-7.692673e-03
3.208000e-02	-6.741329e-02
3.209000e-02	-1.370173e-01
3.210000e-02	-2.053805e-01
3.211000e-02	-2.597486e-01
3.212000e-02	-2.960663e-01
3.213000e-02	-3.181692e-01
3.214000e-02	-3.281344e-01
3.215000e-02	-3.226404e-01
3.216000e-02	-3.030388e-01
3.217000e-02	-2.875748e-01
3.218000e-02	-3.070089e-01
3.219000e-02	-3.810424e-01
3.220000e-02	-4.959264e-01
3.221000e-02	-6.071065e-01
3.222000e-02	-6.686497e-01
3.223000e-02	-6.652699e-01
3.224000e-02	-6.194631e-01
3.225000e-02	-5.689872e-01
3.226000e-02	-5.362075e-01
3.227000e-02	-5.158998e-01
3.228000e-02	-4.888745e-01
3.229000e-02	-4.450233e-01
3.230000e-02	-3.931445e-01
3.231000e-02	-3.500378e-01
3.232000e-02	-3.218259e-01
3.233000e-02	-2.968290e-01
3.234000e-02	-2.568218e-01
3.235000e-02	-1.953454e-01
3.236000e-02	-1.255741e-01
3.237000e-02	-7.113758e-02
3.238000e-02	-4.952101e-02
3.239000e-02	-6.300954e-02
3.240000e-02	-1.024579e-01
3.241000e-02	-1.559840e-01
3.242000e-02	-2.121894e-01
3.243000e-02	-2.571062e-01
3.244000e-02	-2.734544e-01
3.245000e-02	-2.485130e-01
3.246000e-02	-1.855652e-01
3.247000e-02	-1.070298e-01
3.248000e-02	-4.372941e-02
3.249000e-02	-1.794955e-02
3.250000e-02	-3.380737e-02
3.251000e-02	-8.073361e-02
3.252000e-02	-1.431388e-01
3.253000e-02	-2.052274e-01
3.254000e-02	-2.483495e-01
3.255000e-02	-2.493796e-01
3.256000e-02	-1.894586e-01
3.257000e-02	-7.081017e-02
3.258000e-02	7.327672e-02
3.259000e-02	1.896033e-01
3.260000e-02	2.352712e-01
3.261000e-02	2.061429e-01
3.262000e-02	1.399883e-01
3.263000e-02	8.941474e-02
3.264000e-02	8.489479e-02
3.265000e-02	1.168517e-01
3.266000e-02	1.489355e-01
3.267000e-02	1.478906e-01
3.268000e-02	1.042503e-01
3.269000e-02	3.156798e-02
3.270000e-02	-4.664557e-02
3.271000e-02	-1.069137e-01
3.272000e-02	-1.295863e-01
3.273000e-02	-1.046923e-01
3.274000e-02	-4.234079e-02
3.275000e-02	2.426712e-02
3.276000e-02	5.535828e-02
3.277000e-02	3.282428e-02
3.278000e-02	-2.527286e-02
3.279000e-02	-7.997444e-02
3.280000e-02	-1.024846e-01
3.281000e-02	-9.024511e-02
3.282000e-02	-5.495449e-02
3.283000e-02	-1.944066e-03
3.284000e-02	7.144673e-02
3.285000e-02	1.573756e-01
3.286000e-02	2.262786e-01
3.287000e-02	2.440860e-01
3.288000e-02	2.037474e-01
3.289000e-02	1.356453e-01
3.290000e-02	8.209155e-02
3.291000e-02	6.092929e-02
3.292000e-02	5.548758e-02
3.293000e-02	3.849588e-02
3.294000e-02	1.355277e-03
3.295000e-02	-4.125414e-02
3.296000e-02	-7.002458e-02
3.297000e-02	-7.721252e-02
3.298000e-02	-6.436845e-02
3.299000e-02	-3.196089e-02
3.300000e-02	2.127658e-02
3.301000e-02	8.971650e-02
3.302000e-02	1.592335e-01
3.303000e-02	2.193436e-01
3.304000e-02	2.743231e-01
3.305000e-02	3.363090e-01
3.306000e-02	4.058811e-01
3.307000e-02	4.638469e-01
3.308000e-02	4.865027e-01
3.309000e-02	4.683286e-01
3.310000e-02	4.264591e-01
3.311000e-02	3.828235e-01
3.312000e-02	3.455390e-01
3.313000e-02	3.092456e-01
3.314000e-02	2.687639e-01
3.315000e-02	2.253935e-01
3.316000e-02	1.790155e-01
3.317000e-02	1.216050e-01
3.318000e-02	4.714594e-02
3.319000e-02	-3.113199e-02
3.320000e-02	-8.063695e-02
3.321000e-02	-7.465916e-02
3.322000e-02	-2.070031e-02
3.323000e-02	3.824445e-02
3.324000e-02	5.377472e-02
3.325000e-02	6.881432e-03
3.326000e-02	-8.189910e-02
3.327000e-02	-1.707936e-01
3.328000e-02	-2.235711e-01
3.329000e-02	-2.251558e-01
3.330000e-02	-1.829324e-01
3.331000e-02	-1.209136e-01
3.332000e-02	-7.071938e-02
3.333000e-02	-5.861003e-02
3.334000e-02	-9.177658e-02
3.335000e-02	-1.534249e-01
3.336000e-02	-2.129088e-01
3.337000e-02	-2.450337e-01
3.338000e-02	-2.447959e-01
3.339000e-02	-2.283891e-01
3.340000e-02	-2.220536e-01
3.341000e-02	-2.466034e-01
3.342000e-02	-3.053646e-01
3.343000e-02	-3.816082e-01
3.344000e-02	-4.488717e-01
3.345000e-02	-4.897700e-01
3.346000e-02	-5.088462e-01
3.347000e-02	-5.254756e-01
3.348000e-02	-5.503084e-01
3.349000e-02	-5.684733e-01
3.350000e-02	-5.504921e-01
3.351000e-02	-4.840750e-01
3.352000e-02	-3.945437e-01
3.353000e-02	-3.291892e-01
3.354000e-02	-3.172846e-01
3.355000e-02	-3.443077e-01
3.356000e-02	-3.658156e-01
3.357000e-02	-3.467278e-01
3.358000e-02	-2.882126e-01
3.359000e-02	-2.205220e-01
3.360000e-02	-1.751792e-01
3.361000e-02	-1.653129e-01
3.362000e-02	-1.867910e-01
3.363000e-02	-2.293128e-01
3.364000e-02	-2.826811e-01
3.365000e-02	-3.372619e-01
3.366000e-02	-3.864034e-01
3.367000e-02	-4.312982e-01
3.368000e-02	-4.792357e-01
3.369000e-02	-5.314622e-01
3.370000e-02	-5.720825e-01
3.371000e-02	-5.734147e-01
3.372000e-02	-5.171864e-01
3.373000e-02	-4.120581e-01
3.374000e-02	-2.891475e-01
3.375000e-02	-1.788788e-01
3.376000e-02	-9.116658e-02
3.377000e-02	-1.663555e-02
3.378000e-02	5.503367e-02
3.379000e-02	1.191544e-01
3.380000e-02	1.572449e-01
3.381000e-02	1.529069e-01
3.382000e-02	1.080677e-01
3.383000e-02	4.727664e-02
3.384000e-02	7.650129e-03
3.385000e-02	2.042512e-02
3.386000e-02	9.352112e-02
3.387000e-02	2.042586e-01
3.388000e-02	3.076412e-01
3.389000e-02	3.577810e-01
3.390000e-02	3.312741e-01
3.391000e-02	2.384709e-01
3.392000e-02	1.155370e-01
3.393000e-02	2.640523e-03
3.394000e-02	-7.776285e-02
3.395000e-02	-1.297004e-01
3.396000e-02	-1.757402e-01
3.397000e-02	-2.388354e-01
3.398000e-02	-3.257697e-01
3.399000e-02	-4.219898e-01
3.400000e-02	-4.999431e-01
3.401000e-02	-5.345109e-01
3.402000e-02	-5.153959e-01
3.403000e-02	-4.498396e-01
3.404000e-02	-3.566018e-01
3.405000e-02	-2.572902e-01
3.406000e-02	-1.703820e-01
3.407000e-02	-1.090551e-01
3.408000e-02	-8.109080e-02
3.409000e-02	-8.924093e-02
3.410000e-02	-1.314332e-01
3.411000e-02	-2.003573e-01
3.412000e-02	-2.825519e-01
3.413000e-02	-3.590934e-01
3.414000e-02	-4.108738e-01
3.415000e-02	-4.279894e-01
3.416000e-02	-4.168489e-01
3.417000e-02	-3.972730e-01
3.418000e-02	-3.890884e-01
3.419000e-02	-3.978287e-01
3.420000e-02	-4.115075e-01
3.421000e-02	-4.113605e-01
3.422000e-02	-3.872942e-01
3.423000e-02	-3.452650e-01
3.424000e-02	-3.016716e-01
3.425000e-02	-2.707789e-01
3.426000e-02	-2.554821e-01
3.427000e-02	-2.474073e-01
3.428000e-02	-2.346945e-01
3.429000e-02	-2.106586e-01
3.430000e-02	-1.764601e-01
3.431000e-02	-1.358776e-01
3.432000e-02	-8.770291e-02
3.433000e-02	-2.516257e-02
3.434000e-02	5.378549e-02
3.435000e-02	1.340257e-01
3.436000e-02	1.843060e-01
3.437000e-02	1.772443e-01
3.438000e-02	1.133154e-01
3.439000e-02	2.468551e-02
3.440000e-02	-4.887098e-02
3.441000e-02	-9.142261e-02
3.442000e-02	-1.193396e-01
3.443000e-02	-1.584936e-01
3.444000e-02	-2.140782e-01
3.445000e-02	-2.641928e-01
3.446000e-02	-2.823963e-01
3.447000e-02	-2.641036e-01
3.448000e-02	-2.300601e-01
3.449000e-02	-2.067371e-01
3.450000e-02	-2.064210e-01
3.451000e-02	-2.245538e-01
3.452000e-02	-2.492338e-01
3.453000e-02	-2.672287e-01
3.454000e-02	-2.627723e-01
3.455000e-02	-2.200132e-01
3.456000e-02	-1.355766e-01
3.457000e-02	-3.014286e-02
3.458000e-02	5.748895e-02
3.459000e-02	9.342201e-02
3.460000e-02	6.864968e-02
3.461000e-02	-1.587774e-03
3.462000e-02	-9.417438e-02
3.463000e-02	-1.901042e-01
3.464000e-02	-2.719800e-01
3.465000e-02	-3.181859e-01
3.466000e-02	-3.096123e-01
3.467000e-02	-2.468170e-01
3.468000e-02	-1.579255e-01
3.469000e-02	-8.357625e-02
3.470000e-02	-4.905793e-02
3.471000e-02	-4.809893e-02
3.472000e-02	-5.162963e-02
3.473000e-02	-3.145298e-02
3.474000e-02	2.198670e-02
3.475000e-02	9.870383e-02
3.476000e-02	1.800091e-01
3.477000e-02	2.500043e-01
3.478000e-02	3.016680e-01
3.479000e-02	3.373185e-01
3.480000e-02	3.645758e-01
3.481000e-02	3.894535e-01
3.482000e-02	4.109109e-01
3.483000e-02	4.220303e-01
3.484000e-02	4.176777e-01
3.485000e-02	4.013935e-01
3.486000e-02	3.842985e-01
3.487000e-02	3.771629e-01
3.488000e-02	3.838777e-01
3.489000e-02	4.018497e-01
3.490000e-02	4.261421e-01
3.491000e-02	4.507452e-01
3.492000e-02	4.661346e-01
3.493000e-02	4.589291e-01
3.494000e-02	4.177814e-01
3.495000e-02	3.416825e-01
3.496000e-02	2.428778e-01
3.497000e-02	1.414709e-01
3.498000e-02	5.640179e-02
3.499000e-02	-5.270322e-04
3.500000e-02	-2.496706e-02
3.501000e-02	-1.640485e-02
3.502000e-02	2.611438e-02
3.503000e-02	1.050625e-01
3.504000e-02	2.186609e-01
3.505000e-02	3.493996e-01
3.506000e-02	4.570340e-01
3.507000e-02	4.895286e-01
3.508000e-02	4.130185e-01
3.509000e-02	2.407252e-01
3.510000e-02	3.358655e-02
3.511000e-02	-1.341116e-01
3.512000e-02	-2.186736e-01
3.513000e-02	-2.246346e-01
3.514000e-02	-1.850317e-01
3.515000e-02	-1.285089e-01
3.516000e-02	-6.580567e-02
3.517000e-02	-2.062342e-03
3.518000e-02	4.789810e-02
3.519000e-02	6.335190e-02
3.520000e-02	3.549788e-02
3.521000e-02	-2.419151e-02
3.522000e-02	-9.614784e-02
3.523000e-02	-1.701537e-01
3.524000e-02	-2.466243e-01
3.525000e-02	-3.219006e-01
3.526000e-02	-3.790597e-01
3.527000e-02	-3.990745e-01
3.528000e-02	-3.806159e-01
3.529000e-02	-3.442367e-01
3.530000e-02	-3.146300e-01
3.531000e-02	-3.010699e-01
3.532000e-02	-2.979048e-01
3.533000e-02	-3.017384e-01
3.534000e-02	-3.212905e-01
3.535000e-02	-3.659124e-01
3.536000e-02	-4.269397e-01
3.537000e-02	-4.769530e-01
3.538000e-02	-4.912103e-01
3.539000e-02	-4.681456e-01
3.540000e-02	-4.257648e-01
3.541000e-02	-3.787791e-01
3.542000e-02	-3.237172e-01
3.543000e-02	-2.488493e-01
3.544000e-02	-1.550687e-01
3.545000e-02	-6.017963e-02
3.546000e-02	2.061549e-02
3.547000e-02	9.484629e-02
3.548000e-02	1.866317e-01
3.549000e-02	3.063457e-01
3.550000e-02	4.275284e-01
3.551000e-02	4.985585e-01
3.552000e-02	4.824351e-01
3.553000e-02	3.894704e-01
3.554000e-02	2.737716e-01
3.555000e-02	1.972147e-01
3.556000e-02	1.908248e-01
3.557000e-02	2.406900e-01
3.558000e-02	3.022427e-01
3.559000e-02	3.275913e-01
3.560000e-02	2.886899e-01
3.561000e-02	1.875983e-01
3.562000e-02	5.207232e-02
3.563000e-02	-8.139515e-02
3.564000e-02	-1.891575e-01
3.565000e-02	-2.726278e-01
3.566000e-02	-3.504877e-01
3.567000e-02	-4.362905e-01
3.568000e-02	-5.222217e-01
3.569000e-02	-5.862248e-01
3.570000e-02	-6.167348e-01
3.571000e-02	-6.293678e-01
3.572000e-02	-6.558660e-01
3.573000e-02	-7.136948e-01
3.574000e-02	-7.860087e-01
3.575000e-02	-8.328080e-01
3.576000e-02	-8.235241e-01
3.577000e-02	-7.608759e-01
3.578000e-02	-6.761050e-01
3.579000e-02	-6.039835e-01
3.580000e-02	-5.620495e-01
3.581000e-02	-5.484655e-01
3.582000e-02	-5.521534e-01
3.583000e-02	-5.612671e-01
3.584000e-02	-5.658343e-01
3.585000e-02	-5.605893e-01
3.586000e-02	-5.506325e-01
3.587000e-02	-5.523857e-01
3.588000e-02	-5.824636e-01
3.589000e-02	-6.406546e-01
3.590000e-02	-7.036931e-01
3.591000e-02	-7.385901e-01
3.592000e-02	-7.246587e-01
3.593000e-02	-6.642640e-01
3.594000e-02	-5.747173e-01
3.595000e-02	-4.733449e-01
3.596000e-02	-3.719299e-01
3.597000e-02	-2.817432e-01
3.598000e-02	-2.158090e-01
3.599000e-02	-1.795067e-01
3.600000e-02	-1.585677e-01
3.601000e-02	-1.218881e-01
3.602000e-02	-4.296619e-02
3.603000e-02	7.759314e-02
3.604000e-02	2.103752e-01
3.605000e-02	3.189883e-01
3.606000e-02	3.854295e-01
3.607000e-02	4.165569e-01
3.608000e-02	4.288754e-01
3.609000e-02	4.293036e-01
3.610000e-02	4.106427e-01
3.611000e-02	3.636293e-01
3.612000e-02	2.916714e-01
3.613000e-02	2.143053e-01
3.614000e-02	1.576937e-01
3.615000e-02	1.409304e-01
3.616000e-02	1.671186e-01
3.617000e-02	2.220537e-01
3.618000e-02	2.789394e-01
3.619000e-02	3.071491e-01
3.620000e-02	2.829262e-01
3.621000e-02	1.980758e-01
3.622000e-02	6.215987e-02
3.623000e-02	-1.024515e-01
3.624000e-02	-2.679332e-01
3.625000e-02	-4.054671e-01
3.626000e-02	-4.872663e-01
3.627000e-02	-4.917918e-01
3.628000e-02	-4.146691e-01
3.629000e-02	-2.781250e-01
3.630000e-02	-1.268725e-01
3.631000e-02	-6.831879e-03
3.632000e-02	6.079916e-02
3.633000e-02	9.001114e-02
3.634000e-02	1.156163e-01
3.635000e-02	1.652527e-01
3.636000e-02	2.398886e-01
3.637000e-02	3.159294e-01
3.638000e-02	3.628643e-01
3.639000e-02	3.602519e-01
3.640000e-02	3.044491e-01
3.641000e-02	2.079138e-01
3.642000e-02	9.695618e-02
3.643000e-02	6.595102e-03
3.644000e-02	-3.284413e-02
3.645000e-02	-1.433093e-02
3.646000e-02	3.703750e-02
3.647000e-02	7.774672e-02
3.648000e-02	7.537028e-02
3.649000e-02	2.927444e-02
3.650000e-02	-3.665874e-02
3.651000e-02	-1.018338e-01
3.652000e-02	-1.687467e-01
3.653000e-02	-2.541746e-01
3.654000e-02	-3.611647e-01
3.655000e-02	-4.620695e-01
3.656000e-02	-5.122309e-01
3.657000e-02	-4.829299e-01
3.658000e-02	-3.833522e-01
3.659000e-02	-2.531738e-01
3.660000e-02	-1.357164e-01
3.661000e-02	-5.653441e-02
3.662000e-02	-2.105869e-02
3.663000e-02	-2.364445e-02
3.664000e-02	-5.319290e-02
3.665000e-02	-9.218111e-02
3.666000e-02	-1.187441e-01
3.667000e-02	-1.183285e-01
3.668000e-02	-9.654141e-02
3.669000e-02	-7.786517e-02
3.670000e-02	-8.677416e-02
3.671000e-02	-1.266102e-01
3.672000e-02	-1.758902e-01
3.673000e-02	-2.053524e-01
3.674000e-02	-1.989833e-01
3.675000e-02	-1.599980e-01
3.676000e-02	-1.001524e-01
3.677000e-02	-2.793849e-02
3.678000e-02	5.091076e-02
3.679000e-02	1.250353e-01
3.680000e-02	1.770952e-01
3.681000e-02	1.977378e-01
3.682000e-02	2.000670e-01
3.683000e-02	2.148935e-01
3.684000e-02	2.652162e-01
3.685000e-02	3.424492e-01
3.686000e-02	4.094744e-01
3.687000e-02	4.310690e-01
3.688000e-02	4.047125e-01
3.689000e-02	3.629146e-01
3.690000e-02	3.444906e-01
3.691000e-02	3.604680e-01
3.692000e-02	3.837163e-01
3.693000e-02	3.693343e-01
3.694000e-02	2.881848e-01
3.695000e-02	1.492979e-01
3.696000e-02	-1.817524e-03
3.697000e-02	-1.063708e-01
3.698000e-02	-1.244350e-01
3.699000e-02	-5.934787e-02
3.700000e-02	4.097052e-02
3.701000e-02	1.105007e-01
3.702000e-02	1.051873e-01
3.703000e-02	2.891178e-02
3.704000e-02	-7.414091e-02
3.705000e-02	-1.530190e-01
3.706000e-02	-1.802483e-01
3.707000e-02	-1.561099e-01
3.708000e-02	-9.202781e-02
3.709000e-02	3.341651e-03
3.710000e-02	1.218249e-01
3.711000e-02	2.476682e-01
3.712000e-02	3.609857e-01
3.713000e-02	4.516589e-01
3.714000e-02	5.243622e-01
3.715000e-02	5.837492e-01
3.716000e-02	6.158980e-01
3.717000e-02	5.928134e-01
3.718000e-02	5.028981e-01
3.719000e-02	3.767272e-01
3.720000e-02	2.753728e-01
3.721000e-02	2.453295e-01
3.722000e-02	2.811476e-01
3.723000e-02	3.322568e-01
3.724000e-02	3.474182e-01
3.725000e-02	3.143057e-01
3.726000e-02	2.597137e-01
3.727000e-02	2.164802e-01
3.728000e-02	1.926513e-01
3.729000e-02	1.697881e-01
3.730000e-02	1.257812e-01
3.731000e-02	5.742026e-02
3.732000e-02	-1.566343e-02
3.733000e-02	-6.493311e-02
3.734000e-02	-7.213757e-02
3.735000e-02	-4.147139e-02
3.736000e-02	1.990735e-03
3.737000e-02	2.765365e-02
3.738000e-02	2.002822e-02
3.739000e-02	-1.079745e-02
3.740000e-02	-3.979761e-02
3.741000e-02	-5.200843e-02
3.742000e-02	-5.934946e-02
3.743000e-02	-9.157657e-02
3.744000e-02	-1.679337e-01
3.745000e-02	-2.757283e-01
3.746000e-02	-3.758143e-01
3.747000e-02	-4.291177e-01
3.748000e-02	-4.202054e-01
3.749000e-02	-3.607793e-01
3.750000e-02	-2.769212e-01
3.751000e-02	-1.951077e-01
3.752000e-02	-1.352124e-01
3.753000e-02	-1.075228e-01
3.754000e-02	-1.099380e-01
3.755000e-02	-1.282772e-01
3.756000e-02	-1.437973e-01
3.757000e-02	-1.442315e-01
3.758000e-02	-1.291565e-01
3.759000e-02	-1.062809e-01
3.760000e-02	-8.531653e-02
3.761000e-02	-7.667308e-02
3.762000e-02	-9.249997e-02
3.763000e-02	-1.419608e-01
3.764000e-02	-2.206903e-01
3.765000e-02	-3.061604e-01
3.766000e-02	-3.685161e-01
3.767000e-02	-3.896576e-01
3.768000e-02	-3.719982e-01
3.769000e-02	-3.284692e-01
3.770000e-02	-2.666165e-01
3.771000e-02	-1.860307e-01
3.772000e-02	-9.084778e-02
3.773000e-02	1.183094e-03
3.774000e-02	6.834557e-02
3.775000e-02	1.044181e-01
3.776000e-02	1.239888e-01
3.777000e-02	1.445326e-01
3.778000e-02	1.648213e-01
3.779000e-02	1.662072e-01
3.780000e-02	1.374135e-01
3.781000e-02	9.397101e-02
3.782000e-02	6.678956e-02
3.783000e-02	6.950697e-02
3.784000e-02	8.125758e-02
3.785000e-02	6.721028e-02
3.786000e-02	1.742873e-02
3.787000e-02	-3.780197e-02
3.788000e-02	-5.436309e-02
3.789000e-02	-1.581873e-02
3.790000e-02	5.302575e-02
3.791000e-02	1.135327e-01
3.792000e-02	1.511537e-01
3.793000e-02	1.838802e-01
3.794000e-02	2.347014e-01
3.795000e-02	3.001414e-01
3.796000e-02	3.490951e-01
3.797000e-02	3.518520e-01
3.798000e-02	3.074454e-01
3.799000e-02	2.417130e-01
3.800000e-02	1.810595e-01
3.801000e-02	1.308678e-01
3.802000e-02	7.874338e-02
3.803000e-02	1.449344e-02
3.804000e-02	-5.683759e-02
3.805000e-02	-1.208509e-01
3.806000e-02	-1.680531e-01
3.807000e-02	-1.984733e-01
3.808000e-02	-2.123488e-01
3.809000e-02	-1.998980e-01
3.810000e-02	-1.446067e-01
3.811000e-02	-3.956941e-02
3.812000e-02	9.809785e-02
3.813000e-02	2.293723e-01
3.814000e-02	3.126543e-01
3.815000e-02	3.268622e-01
3.816000e-02	2.819773e-01
3.817000e-02	2.101340e-01
3.818000e-02	1.442051e-01
3.819000e-02	9.926427e-02
3.820000e-02	6.947186e-02
3.821000e-02	4.065075e-02
3.822000e-02	6.409194e-03
3.823000e-02	-2.627999e-02
3.824000e-02	-4.542891e-02
3.825000e-02	-4.634855e-02
3.826000e-02	-3.530014e-02
3.827000e-02	-2.227347e-02
3.828000e-02	-1.222243e-02
3.829000e-02	-3.766423e-03
3.830000e-02	6.358413e-03
3.831000e-02	2.163683e-02
3.832000e-02	4.926033e-02
3.833000e-02	1.004290e-01
3.834000e-02	1.798947e-01
3.835000e-02	2.714739e-01
3.836000e-02	3.370932e-01
3.837000e-02	3.379580e-01
3.838000e-02	2.637894e-01
3.839000e-02	1.441975e-01
3.840000e-02	3.028412e-02
3.841000e-02	-3.841455e-02
3.842000e-02	-5.424582e-02
3.843000e-02	-3.589325e-02
3.844000e-02	-8.191877e-03
3.845000e-02	1.227722e-02
3.846000e-02	1.757237e-02
3.847000e-02	3.144074e-03
3.848000e-02	-3.190496e-02
3.849000e-02	-7.876373e-02
3.850000e-02	-1.161990e-01
3.851000e-02	-1.179063e-01
3.852000e-02	-6.686126e-02
3.853000e-02	3.257696e-02
3.854000e-02	1.522419e-01
3.855000e-02	2.490232e-01
3.856000e-02	2.814580e-01
3.857000e-02	2.269354e-01
3.858000e-02	9.093567e-02
3.859000e-02	-9.718735e-02
3.860000e-02	-2.993496e-01
3.861000e-02	-4.849471e-01
3.862000e-02	-6.387264e-01
3.863000e-02	-7.587915e-01
3.864000e-02	-8.501644e-01
3.865000e-02	-9.189478e-01
3.866000e-02	-9.678156e-01
3.867000e-02	-9.928184e-01
3.868000e-02	-9.847081e-01
3.869000e-02	-9.375575e-01
3.870000e-02	-8.598180e-01
3.871000e-02	-7.764060e-01
3.872000e-02	-7.157159e-01
3.873000e-02	-6.901752e-01
3.874000e-02	-6.872415e-01
3.875000e-02	-6.788520e-01
3.876000e-02	-6.400815e-01
3.877000e-02	-5.611116e-01
3.878000e-02	-4.468515e-01
3.879000e-02	-3.118304e-01
3.880000e-02	-1.782210e-01
3.881000e-02	-7.415074e-02
3.882000e-02	-2.451993e-02
3.883000e-02	-3.586225e-02
3.884000e-02	-8.863628e-02
3.885000e-02	-1.476794e-01
3.886000e-02	-1.846718e-01
3.887000e-02	-1.938174e-01
3.888000e-02	-1.880897e-01
3.889000e-02	-1.817100e-01
3.890000e-02	-1.758348e-01
3.891000e-02	-1.589931e-01
3.892000e-02	-1.197835e-01
3.893000e-02	-6.038149e-02
3.894000e-02	-3.234598e-04
3.895000e-02	3.303967e-02
3.896000e-02	2.235923e-02
3.897000e-02	-2.611693e-02
3.898000e-02	-8.597195e-02
3.899000e-02	-1.317134e-01
3.900000e-02	-1.601398e-01
3.901000e-02	-1.897081e-01
3.902000e-02	-2.351784e-01
3.903000e-02	-2.827659e-01
3.904000e-02	-2.954044e-01
3.905000e-02	-2.478098e-01
3.906000e-02	-1.563879e-01
3.907000e-02	-7.037154e-02
3.908000e-02	-3.084989e-02
3.909000e-02	-4.004082e-02
3.910000e-02	-7.228278e-02
3.911000e-02	-1.113160e-01
3.912000e-02	-1.691360e-01
3.913000e-02	-2.644575e-01
3.914000e-02	-3.871416e-01
3.915000e-02	-4.920591e-01
3.916000e-02	-5.320986e-01
3.917000e-02	-4.957021e-01
3.918000e-02	-4.107876e-01
3.919000e-02	-3.158053e-01
3.920000e-02	-2.324894e-01
3.921000e-02	-1.658577e-01
3.922000e-02	-1.208452e-01
3.923000e-02	-1.075562e-01
3.924000e-02	-1.271163e-01
3.925000e-02	-1.587679e-01
3.926000e-02	-1.692223e-01
3.927000e-02	-1.380701e-01
3.928000e-02	-7.302736e-02
3.929000e-02	1.287402e-04
3.930000e-02	6.073412e-02
3.931000e-02	1.060696e-01
3.932000e-02	1.453753e-01
3.933000e-02	1.869857e-01
3.934000e-02	2.333555e-01
3.935000e-02	2.853133e-01
3.936000e-02	3.462334e-01
3.937000e-02	4.198700e-01
3.938000e-02	5.047173e-01
3.939000e-02	5.908262e-01
3.940000e-02	6.611304e-01
3.941000e-02	6.959843e-01
3.942000e-02	6.798197e-01
3.943000e-02	6.084585e-01
3.944000e-02	4.927620e-01
3.945000e-02	3.540081e-01
3.946000e-02	2.125951e-01
3.947000e-02	7.888210e-02
3.948000e-02	-4.618920e-02
3.949000e-02	-1.627394e-01
3.950000e-02	-2.653162e-01
3.951000e-02	-3.440530e-01
3.952000e-02	-3.903397e-01
3.953000e-02	-4.000794e-01
3.954000e-02	-3.730047e-01
3.955000e-02	-3.124014e-01
3.956000e-02	-2.277821e-01
3.957000e-02	-1.367630e-01
3.958000e-02	-6.102449e-02
3.959000e-02	-1.719290e-02
3.960000e-02	-9.267134e-03
3.961000e-02	-2.798008e-02
3.962000e-02	-5.660284e-02
3.963000e-02	-7.908978e-02
3.964000e-02	-8.694636e-02
3.965000e-02	-8.213977e-02
3.966000e-02	-7.356878e-02
3.967000e-02	-6.760364e-02
3.968000e-02	-5.956447e-02
3.969000e-02	-3.547642e-02
3.970000e-02	1.453647e-02
3.971000e-02	8.251174e-02
3.972000e-02	1.427453e-01
3.973000e-02	1.676326e-01
3.974000e-02	1.462254e-01
3.975000e-02	9.123752e-02
3.976000e-02	3.262490e-02
3.977000e-02	5.969079e-03
3.978000e-02	4.134937e-02
3.979000e-02	1.516396e-01
3.980000e-02	3.216972e-01
3.981000e-02	5.086526e-01
3.982000e-02	6.614318e-01
3.983000e-02	7.496128e-01
3.984000e-02	7.772755e-01
3.985000e-02	7.684303e-01
3.986000e-02	7.395935e-01
3.987000e-02	6.892469e-01
3.988000e-02	6.142520e-01
3.989000e-02	5.310973e-01
3.990000e-02	4.734780e-01
3.991000e-02	4.655447e-01
3.992000e-02	4.991447e-01
3.993000e-02	5.392191e-01
3.994000e-02	5.505306e-01
3.995000e-02	5.186891e-01
3.996000e-02	4.503398e-01
3.997000e-02	3.619874e-01
3.998000e-02	2.728604e-01
3.999000e-02	2.023872e-01
4.000000e-02	1.633260e-01
4.001000e-02	1.520619e-01
4.002000e-02	1.500216e-01
4.003000e-02	1.410431e-01
4.004000e-02	1.270300e-01
4.005000e-02	1.207009e-01
4.006000e-02	1.208588e-01
4.007000e-02	1.013200e-01
4.008000e-02	3.329651e-02
4.009000e-02	-7.889068e-02
4.010000e-02	-1.895004e-01
4.011000e-02	-2.440073e-01
4.012000e-02	-2.206821e-01
4.013000e-02	-1.390022e-01
4.014000e-02	-3.035416e-02
4.015000e-02	9.294416e-02
4.016000e-02	2.373995e-01
4.017000e-02	4.034184e-01
4.018000e-02	5.688082e-01
4.019000e-02	6.987464e-01
4.020000e-02	7.675192e-01
4.021000e-02	7.682312e-01
4.022000e-02	7.071537e-01
4.023000e-02	5.977323e-01
4.024000e-02	4.623202e-01
4.025000e-02	3.320955e-01
4.026000e-02	2.353580e-01
4.027000e-02	1.820176e-01
4.028000e-02	1.610393e-01
4.029000e-02	1.534254e-01
4.030000e-02	1.449408e-01
4.031000e-02	1.258800e-01
4.032000e-02	8.523389e-02
4.033000e-02	1.472421e-02
4.034000e-02	-7.806202e-02
4.035000e-02	-1.659236e-01
4.036000e-02	-2.185054e-01
4.037000e-02	-2.244717e-01
4.038000e-02	-1.957045e-01
4.039000e-02	-1.506774e-01
4.040000e-02	-9.850866e-02
4.041000e-02	-4.099867e-02
4.042000e-02	1.653031e-02
4.043000e-02	6.651019e-02
4.044000e-02	1.133776e-01
4.045000e-02	1.776974e-01
4.046000e-02	2.752334e-01
4.047000e-02	3.898219e-01
4.048000e-02	4.741689e-01
4.049000e-02	4.851507e-01
4.050000e-02	4.201374e-01
4.051000e-02	3.173245e-01
4.052000e-02	2.217042e-01
4.053000e-02	1.533802e-01
4.054000e-02	1.063748e-01
4.055000e-02	6.838733e-02
4.056000e-02	3.294741e-02
4.057000e-02	-5.533038e-03
4.058000e-02	-5.674594e-02
4.059000e-02	-1.250212e-01
4.060000e-02	-1.965098e-01
4.061000e-02	-2.446069e-01
4.062000e-02	-2.537182e-01
4.063000e-02	-2.356620e-01
4.064000e-02	-2.179347e-01
4.065000e-02	-2.145193e-01
4.066000e-02	-2.098242e-01
4.067000e-02	-1.716504e-01
4.068000e-02	-7.903442e-02
4.069000e-02	6.032389e-02
4.070000e-02	2.135357e-01
4.071000e-02	3.392776e-01
4.072000e-02	4.067961e-01
4.073000e-02	4.107125e-01
4.074000e-02	3.748243e-01
4.075000e-02	3.375304e-01
4.076000e-02	3.236054e-01
4.077000e-02	3.252029e-01
4.078000e-02	3.136626e-01
4.079000e-02	2.742939e-01
4.080000e-02	2.281683e-01
4.081000e-02	2.147047e-01
4.082000e-02	2.512616e-01
4.083000e-02	3.132986e-01
4.084000e-02	3.568059e-01
4.085000e-02	3.577133e-01
4.086000e-02	3.262349e-01
4.087000e-02	2.863830e-01
4.088000e-02	2.510698e-01
4.089000e-02	2.223727e-01
4.090000e-02	2.092019e-01
4.091000e-02	2.310875e-01
4.092000e-02	2.972326e-01
4.093000e-02	3.861988e-01
4.094000e-02	4.552044e-01
4.095000e-02	4.736505e-01
4.096000e-02	4.466306e-01
4.097000e-02	4.060615e-01
4.098000e-02	3.827343e-01
4.099000e-02	3.879126e-01
4.100000e-02	4.144504e-01
4.101000e-02	4.448292e-01
4.102000e-02	4.558980e-01
4.103000e-02	4.265184e-01
4.104000e-02	3.540652e-01
4.105000e-02	2.661713e-01
4.106000e-02	2.067170e-01
4.107000e-02	1.994772e-01
4.108000e-02	2.233157e-01
4.109000e-02	2.277334e-01
4.110000e-02	1.761630e-01
4.111000e-02	7.360370e-02
4.112000e-02	-4.711413e-02
4.113000e-02	-1.601219e-01
4.114000e-02	-2.623537e-01
4.115000e-02	-3.585031e-01
4.116000e-02	-4.416037e-01
4.117000e-02	-4.969222e-01
4.118000e-02	-5.226766e-01
4.119000e-02	-5.377864e-01
4.120000e-02	-5.639557e-01
4.121000e-02	-6.030247e-01
4.122000e-02	-6.367054e-01
4.123000e-02	-6.477036e-01
4.124000e-02	-6.358657e-01
4.125000e-02	-6.117108e-01
4.126000e-02	-5.789042e-01
4.127000e-02	-5.289612e-01
4.128000e-02	-4.533060e-01
4.129000e-02	-3.559396e-01
4.130000e-02	-2.520057e-01
4.131000e-02	-1.571961e-01
4.132000e-02	-8.225815e-02
4.133000e-02	-3.539742e-02
4.134000e-02	-2.219405e-02
4.135000e-02	-3.743929e-02
4.136000e-02	-5.873900e-02
4.137000e-02	-5.477601e-02
4.138000e-02	-5.678430e-03
4.139000e-02	8.180566e-02
4.140000e-02	1.773732e-01
4.141000e-02	2.444439e-01
4.142000e-02	2.580754e-01
4.143000e-02	2.150181e-01
4.144000e-02	1.351096e-01
4.145000e-02	5.350950e-02
4.146000e-02	2.841770e-03
4.147000e-02	-7.242833e-03
4.148000e-02	4.061165e-03
4.149000e-02	7.393976e-03
4.150000e-02	-7.640103e-03
4.151000e-02	-2.210498e-02
4.152000e-02	-9.135926e-03
4.153000e-02	3.405911e-02
4.154000e-02	7.849793e-02
4.155000e-02	8.999059e-02
4.156000e-02	6.284076e-02
4.157000e-02	2.596229e-02
4.158000e-02	1.650119e-02
4.159000e-02	4.879381e-02
4.160000e-02	1.070705e-01
4.161000e-02	1.627732e-01
4.162000e-02	1.954341e-01
4.163000e-02	2.005901e-01
4.164000e-02	1.861894e-01
4.165000e-02	1.664398e-01
4.166000e-02	1.556368e-01
4.167000e-02	1.600820e-01
4.168000e-02	1.719331e-01
4.169000e-02	1.733280e-01
4.170000e-02	1.506747e-01
4.171000e-02	1.060190e-01
4.172000e-02	5.353785e-02
4.173000e-02	5.989526e-03
4.174000e-02	-3.238333e-02
4.175000e-02	-5.952928e-02
4.176000e-02	-6.782763e-02
4.177000e-02	-4.960900e-02
4.178000e-02	-1.212083e-02
4.179000e-02	1.766904e-02
4.180000e-02	8.718990e-03
4.181000e-02	-5.212347e-02
4.182000e-02	-1.544960e-01
4.183000e-02	-2.786181e-01
4.184000e-02	-4.093353e-01
4.185000e-02	-5.329905e-01
4.186000e-02	-6.251765e-01
4.187000e-02	-6.520618e-01
4.188000e-02	-5.916342e-01
4.189000e-02	-4.535528e-01
4.190000e-02	-2.733430e-01
4.191000e-02	-8.478691e-02
4.192000e-02	9.959306e-02
4.193000e-02	2.787606e-01
4.194000e-02	4.377078e-01
4.195000e-02	5.398679e-01
4.196000e-02	5.514894e-01
4.197000e-02	4.746678e-01
4.198000e-02	3.531935e-01
4.199000e-02	2.423920e-01
4.200000e-02	1.710289e-01
4.201000e-02	1.304220e-01
4.202000e-02	9.717881e-02
4.203000e-02	6.348362e-02
4.204000e-02	4.558395e-02
4.205000e-02	6.651642e-02
4.206000e-02	1.337308e-01
4.207000e-02	2.321271e-01
4.208000e-02	3.335040e-01
4.209000e-02	4.087992e-01
4.210000e-02	4.338148e-01
4.211000e-02	3.924327e-01
4.212000e-02	2.845805e-01
4.213000e-02	1.352547e-01
4.214000e-02	-8.851230e-03
4.215000e-02	-1.015573e-01
4.216000e-02	-1.253958e-01
4.217000e-02	-1.026496e-01
4.218000e-02	-7.857836e-02
4.219000e-02	-9.051763e-02
4.220000e-02	-1.477492e-01
4.221000e-02	-2.340395e-01
4.222000e-02	-3.230107e-01
4.223000e-02	-3.898839e-01
4.224000e-02	-4.156954e-01
4.225000e-02	-3.923421e-01
4.226000e-02	-3.315052e-01
4.227000e-02	-2.658535e-01
4.228000e-02	-2.306275e-01
4.229000e-02	-2.345179e-01
4.230000e-02	-2.474431e-01
4.231000e-02	-2.226632e-01
4.232000e-02	-1.369870e-01
4.233000e-02	-1.176693e-02
4.234000e-02	1.051724e-01
4.235000e-02	1.775695e-01
4.236000e-02	2.016056e-01
4.237000e-02	1.943605e-01
4.238000e-02	1.697037e-01
4.239000e-02	1.298973e-01
4.240000e-02	7.677433e-02
4.241000e-02	2.182269e-02
4.242000e-02	-2.061226e-02
4.243000e-02	-4.778379e-02
4.244000e-02	-7.014218e-02
4.245000e-02	-9.625805e-02
4.246000e-02	-1.195144e-01
4.247000e-02	-1.238688e-01
4.248000e-02	-1.030670e-01
4.249000e-02	-7.186351e-02
4.250000e-02	-5.762018e-02
4.251000e-02	-8.214585e-02
4.252000e-02	-1.505450e-01
4.253000e-02	-2.514205e-01
4.254000e-02	-3.607543e-01
4.255000e-02	-4.453258e-01
4.256000e-02	-4.712851e-01
4.257000e-02	-4.211476e-01
4.258000e-02	-3.085562e-01
4.259000e-02	-1.746576e-01
4.260000e-02	-6.448452e-02
4.261000e-02	-1.644041e-03
4.262000e-02	1.867018e-02
4.263000e-02	1.707233e-02
4.264000e-02	1.376830e-02
4.265000e-02	2.215546e-02
4.266000e-02	5.036239e-02
4.267000e-02	1.013929e-01
4.268000e-02	1.695822e-01
4.269000e-02	2.394322e-01
4.270000e-02	2.905447e-01
4.271000e-02	3.048707e-01
4.272000e-02	2.721534e-01
4.273000e-02	1.952007e-01
4.274000e-02	9.599202e-02
4.275000e-02	1.440868e-02
4.276000e-02	-1.060611e-02
4.277000e-02	2.909063e-02
4.278000e-02	9.658708e-02
4.279000e-02	1.325473e-01
4.280000e-02	1.017409e-01
4.281000e-02	2.190526e-02
4.282000e-02	-5.383939e-02
4.283000e-02	-8.444293e-02
4.284000e-02	-7.210495e-02
4.285000e-02	-5.031809e-02
4.286000e-02	-4.784324e-02
4.287000e-02	-6.834824e-02
4.288000e-02	-1.005255e-01
4.289000e-02	-1.367364e-01
4.290000e-02	-1.740557e-01
4.291000e-02	-2.009094e-01
4.292000e-02	-1.945883e-01
4.293000e-02	-1.408348e-01
4.294000e-02	-5.532096e-02
4.295000e-02	2.067837e-02
4.296000e-02	5.102566e-02
4.297000e-02	3.301512e-02
4.298000e-02	-3.241394e-03
4.299000e-02	-2.118208e-02
4.300000e-02	-4.350418e-03
4.301000e-02	3.650749e-02
4.302000e-02	7.452000e-02
4.303000e-02	8.356961e-02
4.304000e-02	5.239547e-02
4.305000e-02	-7.747898e-03
4.306000e-02	-6.662620e-02
4.307000e-02	-9.230660e-02
4.308000e-02	-7.265017e-02
4.309000e-02	-2.207498e-02
4.310000e-02	3.495338e-02
4.311000e-02	8.793711e-02
4.312000e-02	1.458690e-01
4.313000e-02	2.179286e-01
4.314000e-02	2.921787e-01
4.315000e-02	3.386664e-01
4.316000e-02	3.352521e-01
4.317000e-02	2.875985e-01
4.318000e-02	2.216144e-01
4.319000e-02	1.588981e-01
4.320000e-02	1.040189e-01
4.321000e-02	5.525411e-02
4.322000e-02	2.037744e-02
4.323000e-02	1.406761e-02
4.324000e-02	3.886056e-02
4.325000e-02	7.444746e-02
4.326000e-02	9.154944e-02
4.327000e-02	7.745299e-02
4.328000e-02	4.639261e-02
4.329000e-02	2.511414e-02
4.330000e-02	3.013554e-02
4.331000e-02	5.822692e-02
4.332000e-02	9.379123e-02
4.333000e-02	1.208980e-01
4.334000e-02	1.305713e-01
4.335000e-02	1.250317e-01
4.336000e-02	1.210220e-01
4.337000e-02	1.452843e-01
4.338000e-02	2.156316e-01
4.339000e-02	3.179262e-01
4.340000e-02	4.030762e-01
4.341000e-02	4.159620e-01
4.342000e-02	3.365509e-01
4.343000e-02	1.962672e-01
4.344000e-02	5.272128e-02
4.345000e-02	-5.451503e-02
4.346000e-02	-1.263490e-01
4.347000e-02	-1.867897e-01
4.348000e-02	-2.471780e-01
4.349000e-02	-2.890972e-01
4.350000e-02	-2.812048e-01
4.351000e-02	-2.110697e-01
4.352000e-02	-1.010877e-01
4.353000e-02	4.145752e-03
4.354000e-02	6.503365e-02
4.355000e-02	6.556513e-02
4.356000e-02	1.256929e-02
4.357000e-02	-7.718085e-02
4.358000e-02	-1.881876e-01
4.359000e-02	-3.086446e-01
4.360000e-02	-4.269489e-01
4.361000e-02	-5.290547e-01
4.362000e-02	-6.001234e-01
4.363000e-02	-6.289418e-01
4.364000e-02	-6.118064e-01
4.365000e-02	-5.541974e-01
4.366000e-02	-4.704133e-01
4.367000e-02	-3.811414e-01
4.368000e-02	-3.079273e-01
4.369000e-02	-2.646792e-01
4.370000e-02	-2.501445e-01
4.371000e-02	-2.477166e-01
4.372000e-02	-2.354639e-01
4.373000e-02	-2.010101e-01
4.374000e-02	-1.502591e-01
4.375000e-02	-1.025710e-01
4.376000e-02	-7.581522e-02
4.377000e-02	-7.305955e-02
4.378000e-02	-8.088009e-02
4.379000e-02	-7.958028e-02
4.380000e-02	-5.710293e-02
4.381000e-02	-1.740614e-02
4.382000e-02	2.098247e-02
4.383000e-02	3.483047e-02
4.384000e-02	9.306886e-03
4.385000e-02	-5.276815e-02
4.386000e-02	-1.316711e-01
4.387000e-02	-2.019436e-01
4.388000e-02	-2.462442e-01
4.389000e-02	-2.611557e-01
4.390000e-02	-2.513979e-01
4.391000e-02	-2.203873e-01
4.392000e-02	-1.682877e-01
4.393000e-02	-9.893149e-02
4.394000e-02	-2.500797e-02
4.395000e-02	3.830300e-02
4.396000e-02	8.690893e-02
4.397000e-02	1.331101e-01
4.398000e-02	1.937766e-01
4.399000e-02	2.712889e-01
4.400000e-02	3.468825e-01
4.401000e-02	3.945328e-01
4.402000e-02	4.024932e-01
4.403000e-02	3.819983e-01
4.404000e-02	3.564290e-01
4.405000e-02	3.436748e-01
4.406000e-02	3.486138e-01
4.407000e-02	3.689645e-01
4.408000e-02	4.032063e-01
4.409000e-02	4.497588e-01
4.410000e-02	4.996540e-01
4.411000e-02	5.345206e-01
4.412000e-02	5.371574e-01
4.413000e-02	5.084956e-01
4.414000e-02	4.760433e-01
4.415000e-02	4.831340e-01
4.416000e-02	5.621850e-01
4.417000e-02	7.084582e-01
4.418000e-02	8.737471e-01
4.419000e-02	9.882239e-01
4.420000e-02	9.989781e-01
4.421000e-02	8.996372e-01
4.422000e-02	7.302090e-01
4.423000e-02	5.488711e-01
4.424000e-02	3.992065e-01
4.425000e-02	2.968463e-01
4.426000e-02	2.382887e-01
4.427000e-02	2.142114e-01
4.428000e-02	2.114682e-01
4.429000e-02	2.079751e-01
4.430000e-02	1.770483e-01
4.431000e-02	1.059180e-01
4.432000e-02	1.118413e-02
4.433000e-02	-6.927181e-02
4.434000e-02	-1.052478e-01
4.435000e-02	-9.718022e-02
4.436000e-02	-7.045548e-02
4.437000e-02	-4.837959e-02
4.438000e-02	-3.313387e-02
4.439000e-02	-1.283888e-02
4.440000e-02	1.798651e-02
4.441000e-02	5.117699e-02
4.442000e-02	7.877632e-02
4.443000e-02	1.084497e-01
4.444000e-02	1.586947e-01
4.445000e-02	2.375844e-01
4.446000e-02	3.302250e-01
4.447000e-02	4.108033e-01
4.448000e-02	4.661296e-01
4.449000e-02	5.040798e-01
4.450000e-02	5.384178e-01
4.451000e-02	5.689983e-01
4.452000e-02	5.804698e-01
4.453000e-02	5.596034e-01
4.454000e-02	5.100003e-01
4.455000e-02	4.483238e-01
4.456000e-02	3.897170e-01
4.457000e-02	3.416305e-01
4.458000e-02	3.114781e-01
4.459000e-02	3.135719e-01
4.460000e-02	3.611209e-01
4.461000e-02	4.495446e-01
4.462000e-02	5.513900e-01
4.463000e-02	6.317150e-01
4.464000e-02	6.690896e-01
4.465000e-02	6.608981e-01
4.466000e-02	6.111690e-01
4.467000e-02	5.207301e-01
4.468000e-02	3.953776e-01
4.469000e-02	2.616793e-01
4.470000e-02	1.645410e-01
4.471000e-02	1.380794e-01
4.472000e-02	1.745162e-01
4.473000e-02	2.254590e-01
4.474000e-02	2.404397e-01
4.475000e-02	2.081806e-01
4.476000e-02	1.603947e-01
4.477000e-02	1.348833e-01
4.478000e-02	1.362663e-01
4.479000e-02	1.344043e-01
4.480000e-02	1.003978e-01
4.481000e-02	4.098717e-02
4.482000e-02	-4.580212e-03
4.483000e-02	-7.008580e-04
4.484000e-02	5.318464e-02
4.485000e-02	1.255585e-01
4.486000e-02	1.823859e-01
4.487000e-02	2.109589e-01
4.488000e-02	2.179701e-01
4.489000e-02	2.122878e-01
4.490000e-02	1.957275e-01
4.491000e-02	1.691745e-01
4.492000e-02	1.402491e-01
4.493000e-02	1.188550e-01
4.494000e-02	1.056079e-01
4.495000e-02	8.920818e-02
4.496000e-02	5.760318e-02
4.497000e-02	9.579653e-03
4.498000e-02	-4.717924e-02
4.499000e-02	-1.073148e-01
4.500000e-02	-1.712488e-01
4.501000e-02	-2.344884e-01
4.502000e-02	-2.775682e-01
4.503000e-02	-2.745867e-01
4.504000e-02	-2.164954e-01
4.505000e-02	-1.243705e-01
4.506000e-02	-3.545604e-02
4.507000e-02	2.550307e-02
4.508000e-02	5.997696e-02
4.509000e-02	8.149543e-02
4.510000e-02	9.220121e-02
4.511000e-02	7.775168e-02
4.512000e-02	2.472841e-02
4.513000e-02	-6.214008e-02
4.514000e-02	-1.635341e-01
4.515000e-02	-2.635384e-01
4.516000e-02	-3.584755e-01
4.517000e-02	-4.465559e-01
4.518000e-02	-5.143999e-01
4.519000e-02	-5.411790e-01
4.520000e-02	-5.182380e-01
4.521000e-02	-4.608279e-01
4.522000e-02	-3.963322e-01
4.523000e-02	-3.409154e-01
4.524000e-02	-2.898817e-01
4.525000e-02	-2.301390e-01
4.526000e-02	-1.574467e-01
4.527000e-02	-7.789263e-02
4.528000e-02	5.348854e-03
4.529000e-02	1.004998e-01
4.530000e-02	2.183891e-01
4.531000e-02	3.558390e-01
4.532000e-02	4.899392e-01
4.533000e-02	5.889101e-01
4.534000e-02	6.282380e-01
4.535000e-02	5.998178e-01
4.536000e-02	5.135528e-01
4.537000e-02	3.964770e-01
4.538000e-02	2.878038e-01
4.539000e-02	2.237576e-01
4.540000e-02	2.160025e-01
4.541000e-02	2.414310e-01
4.542000e-02	2.575024e-01
4.543000e-02	2.340960e-01
4.544000e-02	1.745965e-01
4.545000e-02	1.083184e-01
4.546000e-02	6.466961e-02
4.547000e-02	5.521763e-02
4.548000e-02	7.649656e-02
4.549000e-02	1.219696e-01
4.550000e-02	1.854270e-01
4.551000e-02	2.547283e-01
4.552000e-02	3.100979e-01
4.553000e-02	3.349603e-01
4.554000e-02	3.289897e-01
4.555000e-02	3.079655e-01
4.556000e-02	2.903145e-01
4.557000e-02	2.857075e-01
4.558000e-02	2.965859e-01
4.559000e-02	3.256892e-01
4.560000e-02	3.758116e-01
4.561000e-02	4.410853e-01
4.562000e-02	5.035177e-01
4.563000e-02	5.433402e-01
4.564000e-02	5.527917e-01
4.565000e-02	5.362154e-01
4.566000e-02	4.960487e-01
4.567000e-02	4.239165e-01
4.568000e-02	3.115767e-01
4.569000e-02	1.707382e-01
4.570000e-02	3.579677e-02
4.571000e-02	-5.913265e-02
4.572000e-02	-1.063220e-01
4.573000e-02	-1.244611e-01
4.574000e-02	-1.322410e-01
4.575000e-02	-1.267423e-01
4.576000e-02	-9.344251e-02
4.577000e-02	-3.684855e-02
4.578000e-02	6.707836e-03
4.579000e-02	-4.540794e-03
4.580000e-02	-7.570001e-02
4.581000e-02	-1.627399e-01
4.582000e-02	-2.070760e-01
4.583000e-02	-1.857523e-01
4.584000e-02	-1.289264e-01
4.585000e-02	-8.979614e-02
4.586000e-02	-9.937625e-02
4.587000e-02	-1.494676e-01
4.588000e-02	-2.130181e-01
4.589000e-02	-2.720636e-01
4.590000e-02	-3.220719e-01
4.591000e-02	-3.553536e-01
4.592000e-02	-3.530220e-01
4.593000e-02	-3.027721e-01
4.594000e-02	-2.237544e-01
4.595000e-02	-1.644412e-01
4.596000e-02	-1.657974e-01
4.597000e-02	-2.222584e-01
4.598000e-02	-2.806072e-01
4.599000e-02	-2.805740e-01
4.600000e-02	-1.991705e-01
4.601000e-02	-5.896427e-02
4.602000e-02	1.001538e-01
4.603000e-02	2.503284e-01
4.604000e-02	3.776038e-01
4.605000e-02	4.657176e-01
4.606000e-02	4.931731e-01
4.607000e-02	4.543692e-01
4.608000e-02	3.790919e-01
4.609000e-02	3.195811e-01
4.610000e-02	3.102143e-01
4.611000e-02	3.397340e-01
4.612000e-02	3.662184e-01
4.613000e-02	3.591695e-01
4.614000e-02	3.238435e-01
4.615000e-02	2.847785e-01
4.616000e-02	2.526394e-01
4.617000e-02	2.152015e-01
4.618000e-02	1.606792e-01
4.619000e-02	1.004839e-01
4.620000e-02	5.956699e-02
4.621000e-02	4.437102e-02
4.622000e-02	2.912311e-02
4.623000e-02	-1.825129e-02
4.624000e-02	-9.687107e-02
4.625000e-02	-1.652276e-01
4.626000e-02	-1.764228e-01
4.627000e-02	-1.201765e-01
4.628000e-02	-2.853010e-02
4.629000e-02	5.754658e-02
4.630000e-02	1.229198e-01
4.631000e-02	1.801987e-01
4.632000e-02	2.437974e-01
4.633000e-02	3.092998e-01
4.634000e-02	3.593179e-01
4.635000e-02	3.841206e-01
4.636000e-02	3.909621e-01
4.637000e-02	3.930478e-01
4.638000e-02	3.932937e-01
4.639000e-02	3.814995e-01
4.640000e-02	3.463231e-01
4.641000e-02	2.880926e-01
4.642000e-02	2.205088e-01
4.643000e-02	1.619383e-01
4.644000e-02	1.247733e-01
4.645000e-02	1.093667e-01
4.646000e-02	1.042157e-01
4.647000e-02	9.189902e-02
4.648000e-02	5.877787e-02
4.649000e-02	3.286896e-03
4.650000e-02	-6.348331e-02
4.651000e-02	-1.259387e-01
4.652000e-02	-1.739789e-01
4.653000e-02	-2.064838e-01
4.654000e-02	-2.273013e-01
4.655000e-02	-2.402806e-01
4.656000e-02	-2.485862e-01
4.657000e-02	-2.560157e-01
4.658000e-02	-2.651806e-01
4.659000e-02	-2.734116e-01
4.660000e-02	-2.734012e-01
4.661000e-02	-2.617430e-01
4.662000e-02	-2.475320e-01
4.663000e-02	-2.489613e-01
4.664000e-02	-2.762684e-01
4.665000e-02	-3.151655e-01
4.666000e-02	-3.287411e-01
4.667000e-02	-2.814487e-01
4.668000e-02	-1.684096e-01
4.669000e-02	-2.574143e-02
4.670000e-02	8.926917e-02
4.671000e-02	1.355896e-01
4.672000e-02	1.156007e-01
4.673000e-02	7.037241e-02
4.674000e-02	4.603021e-02
4.675000e-02	5.848184e-02
4.676000e-02	8.655522e-02
4.677000e-02	9.948800e-02
4.678000e-02	9.283661e-02
4.679000e-02	9.726680e-02
4.680000e-02	1.495521e-01
4.681000e-02	2.527754e-01
4.682000e-02	3.656173e-01
4.683000e-02	4.335776e-01
4.684000e-02	4.337917e-01
4.685000e-02	3.915973e-01
4.686000e-02	3.550349e-01
4.687000e-02	3.537146e-01
4.688000e-02	3.800857e-01
4.689000e-02	4.050920e-01
4.690000e-02	4.066530e-01
4.691000e-02	3.825645e-01
4.692000e-02	3.413906e-01
4.693000e-02	2.880930e-01
4.694000e-02	2.217706e-01
4.695000e-02	1.452206e-01
4.696000e-02	7.238900e-02
4.697000e-02	2.343691e-02
4.698000e-02	1.091753e-02
4.699000e-02	2.918481e-02
4.700000e-02	5.618792e-02
4.701000e-02	6.714792e-02
4.702000e-02	5.106466e-02
4.703000e-02	1.839712e-02
4.704000e-02	-6.496392e-03
4.705000e-02	-3.269511e-03
4.706000e-02	3.052211e-02
4.707000e-02	8.160092e-02
4.708000e-02	1.364515e-01
4.709000e-02	1.937269e-01
4.710000e-02	2.602761e-01
4.711000e-02	3.356332e-01
4.712000e-02	4.032392e-01
4.713000e-02	4.394799e-01
4.714000e-02	4.316580e-01
4.715000e-02	3.864807e-01
4.716000e-02	3.222115e-01
4.717000e-02	2.553874e-01
4.718000e-02	1.956023e-01
4.719000e-02	1.484221e-01
4.720000e-02	1.165189e-01
4.721000e-02	9.560649e-02
4.722000e-02	7.385145e-02
4.723000e-02	4.184221e-02
4.724000e-02	5.048634e-03
4.725000e-02	-1.707969e-02
4.726000e-02	-8.131520e-03
4.727000e-02	2.906282e-02
4.728000e-02	7.484890e-02
4.729000e-02	1.106429e-01
4.730000e-02	1.316097e-01
4.731000e-02	1.412701e-01
4.732000e-02	1.384176e-01
4.733000e-02	1.155739e-01
4.734000e-02	7.142865e-02
4.735000e-02	1.946957e-02
4.736000e-02	-2.170701e-02
4.737000e-02	-4.750939e-02
4.738000e-02	-7.328245e-02
4.739000e-02	-1.184433e-01
4.740000e-02	-1.850900e-01
4.741000e-02	-2.531084e-01
4.742000e-02	-2.948270e-01
4.743000e-02	-2.927527e-01
4.744000e-02	-2.457476e-01
4.745000e-02	-1.653377e-01
4.746000e-02	-7.163051e-02
4.747000e-02	9.742330e-03
4.748000e-02	5.599590e-02
4.749000e-02	6.048583e-02
4.750000e-02	3.858312e-02
4.751000e-02	1.639354e-02
4.752000e-02	1.064205e-02
4.753000e-02	1.944473e-02
4.754000e-02	3.209478e-02
4.755000e-02	4.416854e-02
4.756000e-02	5.931761e-02
4.757000e-02	7.748920e-02
4.758000e-02	8.761016e-02
4.759000e-02	7.738592e-02
4.760000e-02	5.040825e-02
4.761000e-02	2.970304e-02
4.762000e-02	4.127511e-02
4.763000e-02	9.343368e-02
4.764000e-02	1.712452e-01
4.765000e-02	2.479171e-01
4.766000e-02	2.987912e-01
4.767000e-02	3.066210e-01
4.768000e-02	2.610873e-01
4.769000e-02	1.611398e-01
4.770000e-02	2.047362e-02
4.771000e-02	-1.319122e-01
4.772000e-02	-2.606449e-01
4.773000e-02	-3.372311e-01
4.774000e-02	-3.495725e-01
4.775000e-02	-3.052257e-01
4.776000e-02	-2.296640e-01
4.777000e-02	-1.580675e-01
4.778000e-02	-1.185075e-01
4.779000e-02	-1.132676e-01
4.780000e-02	-1.145102e-01
4.781000e-02	-8.405494e-02
4.782000e-02	-4.904251e-03
4.783000e-02	1.030146e-01
4.784000e-02	1.986128e-01
4.785000e-02	2.529603e-01
4.786000e-02	2.695969e-01
4.787000e-02	2.754448e-01
4.788000e-02	2.948917e-01
4.789000e-02	3.325351e-01
4.790000e-02	3.764379e-01
4.791000e-02	4.123848e-01
4.792000e-02	4.335720e-01
4.793000e-02	4.407142e-01
4.794000e-02	4.380225e-01
4.795000e-02	4.299944e-01
4.796000e-02	4.185448e-01
4.797000e-02	3.998674e-01
4.798000e-02	3.643969e-01
4.799000e-02	3.026270e-01
4.800000e-02	2.130129e-01
4.801000e-02	1.047818e-01
4.802000e-02	-6.077187e-03
4.803000e-02	-1.020186e-01
4.804000e-02	-1.657593e-01
4.805000e-02	-1.818918e-01
4.806000e-02	-1.438713e-01
4.807000e-02	-6.376695e-02
4.808000e-02	2.610097e-02
4.809000e-02	8.604951e-02
4.810000e-02	8.873608e-02
4.811000e-02	3.067812e-02
4.812000e-02	-7.105795e-02
4.813000e-02	-1.901209e-01
4.814000e-02	-3.003095e-01
4.815000e-02	-3.815225e-01
4.816000e-02	-4.256078e-01
4.817000e-02	-4.399469e-01
4.818000e-02	-4.410558e-01
4.819000e-02	-4.380988e-01
4.820000e-02	-4.211187e-01
4.821000e-02	-3.700735e-01
4.822000e-02	-2.804174e-01
4.823000e-02	-1.792080e-01
4.824000e-02	-1.100937e-01
4.825000e-02	-9.630027e-02
4.826000e-02	-1.162755e-01
4.827000e-02	-1.176875e-01
4.828000e-02	-5.916591e-02
4.829000e-02	5.749915e-02
4.830000e-02	1.922472e-01
4.831000e-02	3.013507e-01
4.832000e-02	3.692887e-01
4.833000e-02	4.120017e-01
4.834000e-02	4.534322e-01
4.835000e-02	4.990807e-01
4.836000e-02	5.294162e-01
4.837000e-02	5.172732e-01
4.838000e-02	4.537688e-01
4.839000e-02	3.610038e-01
4.840000e-02	2.804822e-01
4.841000e-02	2.458425e-01
4.842000e-02	2.618385e-01
4.843000e-02	3.062512e-01
4.844000e-02	3.506603e-01
4.845000e-02	3.790323e-01
4.846000e-02	3.876856e-01
4.847000e-02	3.722627e-01
4.848000e-02	3.224199e-01
4.849000e-02	2.348575e-01
4.850000e-02	1.306235e-01
4.851000e-02	5.255937e-02
4.852000e-02	3.738945e-02
4.853000e-02	8.513241e-02
4.854000e-02	1.546901e-01
4.855000e-02	1.908200e-01
4.856000e-02	1.591607e-01
4.857000e-02	6.161184e-02
4.858000e-02	-7.441034e-02
4.859000e-02	-2.171491e-01
4.860000e-02	-3.441029e-01
4.861000e-02	-4.435612e-01
4.862000e-02	-5.105713e-01
4.863000e-02	-5.432546e-01
4.864000e-02	-5.404724e-01
4.865000e-02	-5.012599e-01
4.866000e-02	-4.280143e-01
4.867000e-02	-3.324070e-01
4.868000e-02	-2.372374e-01
4.869000e-02	-1.682999e-01
4.870000e-02	-1.402620e-01
4.871000e-02	-1.488743e-01
4.872000e-02	-1.772860e-01
4.873000e-02	-2.104606e-01
4.874000e-02	-2.440857e-01
4.875000e-02	-2.813937e-01
4.876000e-02	-3.240980e-01
4.877000e-02	-3.675534e-01
4.878000e-02	-4.028690e-01
4.879000e-02	-4.211650e-01
4.880000e-02	-4.163097e-01
4.881000e-02	-3.877305e-01
4.882000e-02	-3.445040e-01
4.883000e-02	-3.059282e-01
4.884000e-02	-2.925230e-01
4.885000e-02	-3.104782e-01
4.886000e-02	-3.428969e-01
4.887000e-02	-3.588721e-01
4.888000e-02	-3.356839e-01
4.889000e-02	-2.756177e-01
4.890000e-02	-2.021729e-01
4.891000e-02	-1.386673e-01
4.892000e-02	-8.815715e-02
4.893000e-02	-3.245393e-02
4.894000e-02	4.869005e-02
4.895000e-02	1.545947e-01
4.896000e-02	2.570285e-01
4.897000e-02	3.173255e-01
4.898000e-02	3.149962e-01
4.899000e-02	2.645950e-01
4.900000e-02	2.054513e-01
4.901000e-02	1.712373e-01
4.902000e-02	1.648285e-01
4.903000e-02	1.605017e-01
4.904000e-02	1.309884e-01
4.905000e-02	7.363083e-02
4.906000e-02	1.132891e-02
4.907000e-02	-3.053819e-02
4.908000e-02	-4.656574e-02
4.909000e-02	-5.142079e-02
4.910000e-02	-6.098467e-02
4.911000e-02	-7.712923e-02
4.912000e-02	-9.159761e-02
4.913000e-02	-1.010568e-01
4.914000e-02	-1.133811e-01
4.915000e-02	-1.374416e-01
4.916000e-02	-1.692515e-01
4.917000e-02	-1.918011e-01
4.918000e-02	-1.899985e-01
4.919000e-02	-1.651600e-01
4.920000e-02	-1.345181e-01
4.921000e-02	-1.175673e-01
4.922000e-02	-1.235800e-01
4.923000e-02	-1.507096e-01
4.924000e-02	-1.934563e-01
4.925000e-02	-2.477778e-01
4.926000e-02	-3.084820e-01
4.927000e-02	-3.638824e-01
4.928000e-02	-3.963655e-01
4.929000e-02	-3.914130e-01
4.930000e-02	-3.486563e-01
4.931000e-02	-2.855250e-01
4.932000e-02	-2.295683e-01
4.933000e-02	-2.045116e-01
4.934000e-02	-2.196313e-01
4.935000e-02	-2.682952e-01
4.936000e-02	-3.335487e-01
4.937000e-02	-3.946684e-01
4.938000e-02	-4.321410e-01
4.939000e-02	-4.336297e-01
4.940000e-02	-4.016682e-01
4.941000e-02	-3.561820e-01
4.942000e-02	-3.233650e-01
4.943000e-02	-3.145291e-01
4.944000e-02	-3.136695e-01
4.945000e-02	-2.902538e-01
4.946000e-02	-2.298737e-01
4.947000e-02	-1.532195e-01
4.948000e-02	-1.012076e-01
4.949000e-02	-9.832321e-02
4.950000e-02	-1.312302e-01
4.951000e-02	-1.652129e-01
4.952000e-02	-1.804747e-01
4.953000e-02	-1.890174e-01
4.954000e-02	-2.157189e-01
4.955000e-02	-2.679364e-01
4.956000e-02	-3.288482e-01
4.957000e-02	-3.789907e-01
4.958000e-02	-4.165118e-01
4.959000e-02	-4.509762e-01
4.960000e-02	-4.813519e-01
4.961000e-02	-4.899205e-01
4.962000e-02	-4.630430e-01
4.963000e-02	-4.133127e-01
4.964000e-02	-3.725324e-01
4.965000e-02	-3.593007e-01
4.966000e-02	-3.572042e-01
4.967000e-02	-3.297190e-01
4.968000e-02	-2.568835e-01
4.969000e-02	-1.547761e-01
4.970000e-02	-5.878085e-02
4.971000e-02	9.290366e-03
4.972000e-02	5.612034e-02
4.973000e-02	1.024143e-01
4.974000e-02	1.574839e-01
4.975000e-02	2.073408e-01
4.976000e-02	2.238345e-01
4.977000e-02	1.854522e-01
4.978000e-02	9.636922e-02
4.979000e-02	-7.000534e-03
4.980000e-02	-6.951955e-02
4.981000e-02	-4.921596e-02
4.982000e-02	5.155071e-02
4.983000e-02	1.836188e-01
4.984000e-02	2.863235e-01
4.985000e-02	3.330144e-01
4.986000e-02	3.438482e-01
4.987000e-02	3.528419e-01
4.988000e-02	3.645720e-01
4.989000e-02	3.485705e-01
4.990000e-02	2.780839e-01
4.991000e-02	1.687811e-01
4.992000e-02	7.126564e-02
4.993000e-02	2.286139e-02
4.994000e-02	1.088672e-02
4.995000e-02	-1.213459e-02
4.996000e-02	-7.776359e-02
4.997000e-02	-1.694983e-01
4.998000e-02	-2.409625e-01
4.999000e-02	-2.617937e-01
5.000000e-02	-2.428521e-01
5.001000e-02	-2.193124e-01
5.002000e-02	-2.148824e-01
5.003000e-02	-2.241874e-01
5.004000e-02	-2.250122e-01
5.005000e-02	-2.012919e-01
5.006000e-02	-1.533723e-01
5.007000e-02	-9.131021e-02
5.008000e-02	-2.401809e-02
5.009000e-02	4.401301e-02
5.010000e-02	1.085920e-01
5.011000e-02	1.619372e-01
5.012000e-02	1.943337e-01
5.013000e-02	2.001506e-01
5.014000e-02	1.828375e-01
5.015000e-02	1.539408e-01
5.016000e-02	1.257920e-01
5.017000e-02	1.036200e-01
5.018000e-02	8.470250e-02
5.019000e-02	6.576096e-02
5.020000e-02	5.024746e-02
5.021000e-02	4.623516e-02
5.022000e-02	5.701156e-02
5.023000e-02	7.735303e-02
5.024000e-02	1.030318e-01
5.025000e-02	1.428823e-01
5.026000e-02	2.147056e-01
5.027000e-02	3.228755e-01
5.028000e-02	4.402441e-01
5.029000e-02	5.184081e-01
5.030000e-02	5.217857e-01
5.031000e-02	4.531978e-01
5.032000e-02	3.455783e-01
5.033000e-02	2.303198e-01
5.034000e-02	1.164882e-01
5.035000e-02	-5.972916e-04
5.036000e-02	-1.179375e-01
5.037000e-02	-2.188059e-01
5.038000e-02	-2.867468e-01
5.039000e-02	-3.179887e-01
5.040000e-02	-3.156041e-01
5.041000e-02	-2.764915e-01
5.042000e-02	-1.939427e-01
5.043000e-02	-7.710862e-02
5.044000e-02	3.791203e-02
5.045000e-02	1.056734e-01
5.046000e-02	1.049087e-01
5.047000e-02	5.447667e-02
5.048000e-02	-4.030356e-03
5.049000e-02	-3.784430e-02
5.050000e-02	-3.868755e-02
5.051000e-02	-1.521657e-02
5.052000e-02	2.003547e-02
5.053000e-02	5.365067e-02
5.054000e-02	6.919362e-02
5.055000e-02	5.266715e-02
5.056000e-02	3.836992e-03
5.057000e-02	-6.160984e-02
5.058000e-02	-1.250324e-01
5.059000e-02	-1.790346e-01
5.060000e-02	-2.265598e-01
5.061000e-02	-2.680639e-01
5.062000e-02	-2.950490e-01
5.063000e-02	-2.981607e-01
5.064000e-02	-2.772142e-01
5.065000e-02	-2.387261e-01
5.066000e-02	-1.864195e-01
5.067000e-02	-1.221263e-01
5.068000e-02	-5.855624e-02
5.069000e-02	-2.262911e-02
5.070000e-02	-3.428672e-02
5.071000e-02	-7.951851e-02
5.072000e-02	-1.138986e-01
5.073000e-02	-1.036524e-01
5.074000e-02	-6.400599e-02
5.075000e-02	-4.857855e-02
5.076000e-02	-9.402404e-02
5.077000e-02	-1.763871e-01
5.078000e-02	-2.271002e-01
5.079000e-02	-1.934806e-01
5.080000e-02	-8.193277e-02
5.081000e-02	5.600052e-02
5.082000e-02	1.721301e-01
5.083000e-02	2.517161e-01
5.084000e-02	3.036630e-01
5.085000e-02	3.375303e-01
5.086000e-02	3.599559e-01
5.087000e-02	3.865785e-01
5.088000e-02	4.402124e-01
5.089000e-02	5.263490e-01
5.090000e-02	6.141356e-01
5.091000e-02	6.525333e-01
5.092000e-02	6.115317e-01
5.093000e-02	5.063571e-01
5.094000e-02	3.797341e-01
5.095000e-02	2.637377e-01
5.096000e-02	1.627664e-01
5.097000e-02	7.040622e-02
5.098000e-02	-7.180720e-03
5.099000e-02	-5.181568e-02
5.100000e-02	-5.445820e-02
5.101000e-02	-2.771874e-02
5.102000e-02	6.406989e-03
5.103000e-02	3.755447e-02
5.104000e-02	7.135157e-02
5.105000e-02	1.147448e-01
5.106000e-02	1.633112e-01
5.107000e-02	2.057174e-01
5.108000e-02	2.359110e-01
5.109000e-02	2.545245e-01
5.110000e-02	2.587321e-01
5.111000e-02	2.386223e-01
5.112000e-02	1.905537e-01
5.113000e-02	1.324558e-01
5.114000e-02	9.713195e-02
5.115000e-02	1.027621e-01
5.116000e-02	1.293288e-01
5.117000e-02	1.288383e-01
5.118000e-02	6.355957e-02
5.119000e-02	-6.330161e-02
5.120000e-02	-2.125542e-01
5.121000e-02	-3.411739e-01
5.122000e-02	-4.279496e-01
5.123000e-02	-4.709231e-01
5.124000e-02	-4.681380e-01
5.125000e-02	-4.097459e-01
5.126000e-02	-2.926773e-01
5.127000e-02	-1.400827e-01
5.128000e-02	1.666189e-04
5.129000e-02	8.217031e-02
5.130000e-02	9.130286e-02
5.131000e-02	4.999397e-02
5.132000e-02	-3.612277e-03
5.133000e-02	-4.316517e-02
5.134000e-02	-6.444809e-02
5.135000e-02	-7.475748e-02
5.136000e-02	-7.708883e-02
5.137000e-02	-6.557231e-02
5.138000e-02	-3.330009e-02
5.139000e-02	1.889949e-02
5.140000e-02	8.162906e-02
5.141000e-02	1.416135e-01
5.142000e-02	1.846525e-01
5.143000e-02	1.959795e-01
5.144000e-02	1.641766e-01
5.145000e-02	9.105707e-02
5.146000e-02	-9.336203e-04
5.147000e-02	-7.529154e-02
5.148000e-02	-1.017158e-01
5.149000e-02	-7.473954e-02
5.150000e-02	-1.481501e-02
5.151000e-02	4.794766e-02
5.152000e-02	9.148665e-02
5.153000e-02	1.067329e-01
5.154000e-02	9.152992e-02
5.155000e-02	4.621116e-02
5.156000e-02	-2.259541e-02
5.157000e-02	-9.730969e-02
5.158000e-02	-1.546494e-01
5.159000e-02	-1.798220e-01
5.160000e-02	-1.764499e-01
5.161000e-02	-1.616635e-01
5.162000e-02	-1.506815e-01
5.163000e-02	-1.453149e-01
5.164000e-02	-1.354216e-01
5.165000e-02	-1.088904e-01
5.166000e-02	-5.957983e-02
5.167000e-02	1.129570e-02
5.168000e-02	9.618270e-02
5.169000e-02	1.800110e-01
5.170000e-02	2.391435e-01
5.171000e-02	2.469597e-01
5.172000e-02	1.875504e-01
5.173000e-02	6.925417e-02
5.174000e-02	-7.434567e-02
5.175000e-02	-2.011351e-01
5.176000e-02	-2.858478e-01
5.177000e-02	-3.352457e-01
5.178000e-02	-3.788942e-01
5.179000e-02	-4.401438e-01
5.180000e-02	-5.108960e-01
5.181000e-02	-5.541523e-01
5.182000e-02	-5.350698e-01
5.183000e-02	-4.531933e-01
5.184000e-02	-3.445504e-01
5.185000e-02	-2.506578e-01
5.186000e-02	-1.855468e-01
5.187000e-02	-1.345256e-01
5.188000e-02	-8.379364e-02
5.189000e-02	-4.500798e-02
5.190000e-02	-4.414132e-02
5.191000e-02	-8.583709e-02
5.192000e-02	-1.354412e-01
5.193000e-02	-1.432862e-01
5.194000e-02	-8.785361e-02
5.195000e-02	8.405580e-03
5.196000e-02	1.068026e-01
5.197000e-02	1.912757e-01
5.198000e-02	2.754605e-01
5.199000e-02	3.742572e-01
5.200000e-02	4.776394e-01
5.201000e-02	5.589249e-01
5.202000e-02	6.055890e-01
5.203000e-02	6.326693e-01
5.204000e-02	6.606787e-01
5.205000e-02	6.840208e-01
5.206000e-02	6.683221e-01
5.207000e-02	5.817718e-01
5.208000e-02	4.274063e-01
5.209000e-02	2.443500e-01
5.210000e-02	8.116463e-02
5.211000e-02	-2.991088e-02
5.212000e-02	-7.906610e-02
5.213000e-02	-7.239086e-02
5.214000e-02	-2.694920e-02
5.215000e-02	3.273911e-02
5.216000e-02	8.557104e-02
5.217000e-02	1.279598e-01
5.218000e-02	1.727243e-01
5.219000e-02	2.256151e-01
5.220000e-02	2.615473e-01
5.221000e-02	2.319716e-01
5.222000e-02	1.052606e-01
5.223000e-02	-9.694175e-02
5.224000e-02	-3.063377e-01
5.225000e-02	-4.549290e-01
5.226000e-02	-5.191523e-01
5.227000e-02	-5.229036e-01
5.228000e-02	-5.041895e-01
5.229000e-02	-4.827440e-01
5.230000e-02	-4.557980e-01
5.231000e-02	-4.147920e-01
5.232000e-02	-3.587807e-01
5.233000e-02	-2.943272e-01
5.234000e-02	-2.316190e-01
5.235000e-02	-1.858738e-01
5.236000e-02	-1.777975e-01
5.237000e-02	-2.229155e-01
5.238000e-02	-3.149197e-01
5.239000e-02	-4.214022e-01
5.240000e-02	-5.007300e-01
5.241000e-02	-5.257824e-01
5.242000e-02	-4.925658e-01
5.243000e-02	-4.099068e-01
5.244000e-02	-2.881780e-01
5.245000e-02	-1.429350e-01
5.246000e-02	-6.000273e-03
5.247000e-02	7.805322e-02
5.248000e-02	7.768948e-02
5.249000e-02	2.055340e-03
5.250000e-02	-9.845290e-02
5.251000e-02	-1.645492e-01
5.252000e-02	-1.677813e-01
5.253000e-02	-1.247459e-01
5.254000e-02	-7.630634e-02
5.255000e-02	-5.229165e-02
5.256000e-02	-5.105053e-02
5.257000e-02	-4.661722e-02
5.258000e-02	-1.276521e-02
5.259000e-02	5.684415e-02
5.260000e-02	1.454952e-01
5.261000e-02	2.253227e-01
5.262000e-02	2.727992e-01
5.263000e-02	2.771853e-01
5.264000e-02	2.392228e-01
5.265000e-02	1.651789e-01
5.266000e-02	6.348874e-02
5.267000e-02	-5.307410e-02
5.268000e-02	-1.633407e-01
5.269000e-02	-2.384893e-01
5.270000e-02	-2.511698e-01
5.271000e-02	-1.897874e-01
5.272000e-02	-6.927831e-02
5.273000e-02	7.046539e-02
5.274000e-02	1.813313e-01
5.275000e-02	2.318023e-01
5.276000e-02	2.247327e-01
5.277000e-02	1.941030e-01
5.278000e-02	1.799804e-01
5.279000e-02	1.985529e-01
5.280000e-02	2.308257e-01
5.281000e-02	2.402092e-01
5.282000e-02	2.048848e-01
5.283000e-02	1.374441e-01
5.284000e-02	7.547895e-02
5.285000e-02	5.259226e-02
5.286000e-02	7.522618e-02
5.287000e-02	1.227316e-01
5.288000e-02	1.663207e-01
5.289000e-02	1.887380e-01
5.290000e-02	1.908871e-01
5.291000e-02	1.852639e-01
5.292000e-02	1.845136e-01
5.293000e-02	1.927415e-01
5.294000e-02	2.032587e-01
5.295000e-02	2.035356e-01
5.296000e-02	1.847003e-01
5.297000e-02	1.486518e-01
5.298000e-02	1.061972e-01
5.299000e-02	6.786812e-02
5.300000e-02	3.766977e-02
5.301000e-02	1.718726e-02
5.302000e-02	1.392746e-02
5.303000e-02	3.998696e-02
5.304000e-02	9.778968e-02
5.305000e-02	1.683590e-01
5.306000e-02	2.199832e-01
5.307000e-02	2.336116e-01
5.308000e-02	2.191031e-01
5.309000e-02	2.023944e-01
5.310000e-02	1.952772e-01
5.311000e-02	1.812603e-01
5.312000e-02	1.350896e-01
5.313000e-02	5.525578e-02
5.314000e-02	-2.805146e-02
5.315000e-02	-8.141918e-02
5.316000e-02	-1.045290e-01
5.317000e-02	-1.359508e-01
5.318000e-02	-2.216409e-01
5.319000e-02	-3.766658e-01
5.320000e-02	-5.739241e-01
5.321000e-02	-7.636145e-01
5.322000e-02	-9.000679e-01
5.323000e-02	-9.551387e-01
5.324000e-02	-9.187631e-01
5.325000e-02	-7.983558e-01
5.326000e-02	-6.198063e-01
5.327000e-02	-4.219098e-01
5.328000e-02	-2.408044e-01
5.329000e-02	-9.485848e-02
5.330000e-02	1.665057e-02
5.331000e-02	1.012465e-01
5.332000e-02	1.610775e-01
5.333000e-02	1.920142e-01
5.334000e-02	1.912287e-01
5.335000e-02	1.628094e-01
5.336000e-02	1.166803e-01
5.337000e-02	6.453142e-02
5.338000e-02	1.639232e-02
5.339000e-02	-2.343021e-02
5.340000e-02	-6.128353e-02
5.341000e-02	-1.136217e-01
5.342000e-02	-1.949525e-01
5.343000e-02	-3.006456e-01
5.344000e-02	-4.018299e-01
5.345000e-02	-4.621197e-01
5.346000e-02	-4.641168e-01
5.347000e-02	-4.215271e-01
5.348000e-02	-3.659466e-01
5.349000e-02	-3.224103e-01
5.350000e-02	-2.967730e-01
5.351000e-02	-2.820165e-01
5.352000e-02	-2.701155e-01
5.353000e-02	-2.550594e-01
5.354000e-02	-2.291261e-01
5.355000e-02	-1.849208e-01
5.356000e-02	-1.261269e-01
5.357000e-02	-7.390706e-02
5.358000e-02	-5.618461e-02
5.359000e-02	-8.547454e-02
5.360000e-02	-1.456242e-01
5.361000e-02	-2.006090e-01
5.362000e-02	-2.174632e-01
5.363000e-02	-1.841006e-01
5.364000e-02	-1.114632e-01
5.365000e-02	-2.478276e-02
5.366000e-02	4.692613e-02
5.367000e-02	8.073023e-02
5.368000e-02	7.024520e-02
5.369000e-02	3.211569e-02
5.370000e-02	-8.304598e-04
5.371000e-02	-8.445266e-04
5.372000e-02	3.360775e-02
5.373000e-02	7.573333e-02
5.374000e-02	9.089890e-02
5.375000e-02	6.257405e-02
5.376000e-02	2.182237e-03
5.377000e-02	-6.245576e-02
5.378000e-02	-1.062383e-01
5.379000e-02	-1.167805e-01
5.380000e-02	-9.213054e-02
5.381000e-02	-3.598178e-02
5.382000e-02	4.098872e-02
5.383000e-02	1.164556e-01
5.384000e-02	1.585293e-01
5.385000e-02	1.394676e-01
5.386000e-02	5.377278e-02
5.387000e-02	-7.341440e-02
5.388000e-02	-1.964776e-01
5.389000e-02	-2.733382e-01
5.390000e-02	-2.872727e-01
5.391000e-02	-2.507358e-01
5.392000e-02	-1.884930e-01
5.393000e-02	-1.141367e-01
5.394000e-02	-2.039311e-02
5.395000e-02	1.078093e-01
5.396000e-02	2.694308e-01
5.397000e-02	4.358949e-01
5.398000e-02	5.651930e-01
5.399000e-02	6.307742e-01
5.400000e-02	6.396454e-01
5.401000e-02	6.232803e-01
5.402000e-02	6.099303e-01
5.403000e-02	6.038741e-01
5.404000e-02	5.899545e-01
5.405000e-02	5.576928e-01
5.406000e-02	5.211660e-01
5.407000e-02	5.148319e-01
5.408000e-02	5.670005e-01
5.409000e-02	6.722445e-01
5.410000e-02	7.856137e-01
5.411000e-02	8.449331e-01
5.412000e-02	8.066507e-01
5.413000e-02	6.713123e-01
5.414000e-02	4.826489e-01
5.415000e-02	3.025167e-01
5.416000e-02	1.789843e-01
5.417000e-02	1.268231e-01
5.418000e-02	1.290122e-01
5.419000e-02	1.538846e-01
5.420000e-02	1.750171e-01
5.421000e-02	1.828643e-01
5.422000e-02	1.843178e-01
5.423000e-02	1.931879e-01
5.424000e-02	2.183553e-01
5.425000e-02	2.568502e-01
5.426000e-02	2.961855e-01
5.427000e-02	3.241594e-01
5.428000e-02	3.382871e-01
5.429000e-02	3.464447e-01
5.430000e-02	3.573201e-01
5.431000e-02	3.686350e-01
5.432000e-02	3.640257e-01
5.433000e-02	3.225405e-01
5.434000e-02	2.339741e-01
5.435000e-02	1.084012e-01
5.436000e-02	-2.690234e-02
5.437000e-02	-1.404850e-01
5.438000e-02	-2.108463e-01
5.439000e-02	-2.335543e-01
5.440000e-02	-2.187817e-01
5.441000e-02	-1.827096e-01
5.442000e-02	-1.393150e-01
5.443000e-02	-9.753722e-02
5.444000e-02	-6.352027e-02
5.445000e-02	-4.272226e-02
5.446000e-02	-3.725293e-02
5.447000e-02	-4.027182e-02
5.448000e-02	-3.499513e-02
5.449000e-02	-3.325520e-03
5.450000e-02	6.055031e-02
5.451000e-02	1.428078e-01
5.452000e-02	2.154672e-01
5.453000e-02	2.499761e-01
5.454000e-02	2.286074e-01
5.455000e-02	1.489392e-01
5.456000e-02	2.475092e-02
5.457000e-02	-1.138282e-01
5.458000e-02	-2.253024e-01
5.459000e-02	-2.722632e-01
5.460000e-02	-2.415478e-01
5.461000e-02	-1.523836e-01
5.462000e-02	-4.172624e-02
5.463000e-02	6.293898e-02
5.464000e-02	1.590835e-01
5.465000e-02	2.593819e-01
5.466000e-02	3.688311e-01
5.467000e-02	4.733693e-01
5.468000e-02	5.502457e-01
5.469000e-02	5.862695e-01
5.470000e-02	5.839653e-01
5.471000e-02	5.527405e-01
5.472000e-02	4.998965e-01
5.473000e-02	4.331465e-01
5.474000e-02	3.682082e-01
5.475000e-02	3.266376e-01
5.476000e-02	3.215724e-01
5.477000e-02	3.462064e-01
5.478000e-02	3.791411e-01
5.479000e-02	4.023864e-01
5.480000e-02	4.139587e-01
5.481000e-02	4.238766e-01
5.482000e-02	4.405203e-01
5.483000e-02	4.621788e-01
5.484000e-02	4.794925e-01
5.485000e-02	4.825314e-01
5.486000e-02	4.656299e-01
5.487000e-02	4.301645e-01
5.488000e-02	3.870053e-01
5.489000e-02	3.545405e-01
5.490000e-02	3.472663e-01
5.491000e-02	3.607599e-01
5.492000e-02	3.690987e-01
5.493000e-02	3.432338e-01
5.494000e-02	2.766832e-01
5.495000e-02	1.929702e-01
5.496000e-02	1.250108e-01
5.497000e-02	8.605103e-02
5.498000e-02	6.212683e-02
5.499000e-02	3.381080e-02
5.500000e-02	3.403562e-03
5.501000e-02	-2.519043e-03
5.502000e-02	4.094099e-02
5.503000e-02	1.289390e-01
5.504000e-02	2.253267e-01
5.505000e-02	2.893291e-01
5.506000e-02	3.050403e-01
5.507000e-02	2.874052e-01
5.508000e-02	2.618022e-01
5.509000e-02	2.378085e-01
5.510000e-02	2.006693e-01
5.511000e-02	1.269339e-01
5.512000e-02	1.014716e-02
5.513000e-02	-1.254295e-01
5.514000e-02	-2.355355e-01
5.515000e-02	-2.841205e-01
5.516000e-02	-2.673552e-01
5.517000e-02	-2.139708e-01
5.518000e-02	-1.615626e-01
5.519000e-02	-1.291728e-01
5.520000e-02	-1.095733e-01
5.521000e-02	-8.603869e-02
5.522000e-02	-5.539061e-02
5.523000e-02	-3.443618e-02
5.524000e-02	-4.480236e-02
5.525000e-02	-9.241486e-02
5.526000e-02	-1.608478e-01
5.527000e-02	-2.217883e-01
5.528000e-02	-2.501711e-01
5.529000e-02	-2.320175e-01
5.530000e-02	-1.649565e-01
5.531000e-02	-5.813543e-02
5.532000e-02	6.704579e-02
5.533000e-02	1.810238e-01
5.534000e-02	2.576867e-01
5.535000e-02	2.862515e-01
5.536000e-02	2.729950e-01
5.537000e-02	2.319299e-01
5.538000e-02	1.749753e-01
5.539000e-02	1.114371e-01
5.540000e-02	5.424699e-02
5.541000e-02	2.142351e-02
5.542000e-02	2.682692e-02
5.543000e-02	6.806258e-02
5.544000e-02	1.249185e-01
5.545000e-02	1.720085e-01
5.546000e-02	1.948227e-01
5.547000e-02	1.949625e-01
5.548000e-02	1.815296e-01
5.549000e-02	1.594278e-01
5.550000e-02	1.274800e-01
5.551000e-02	8.790221e-02
5.552000e-02	5.561949e-02
5.553000e-02	5.455139e-02
5.554000e-02	1.004390e-01
5.555000e-02	1.845392e-01
5.556000e-02	2.747336e-01
5.557000e-02	3.361977e-01
5.558000e-02	3.549603e-01
5.559000e-02	3.431475e-01
5.560000e-02	3.211623e-01
5.561000e-02	2.949306e-01
5.562000e-02	2.520651e-01
5.563000e-02	1.814178e-01
5.564000e-02	9.484892e-02
5.565000e-02	2.596550e-02
5.566000e-02	4.325035e-03
5.567000e-02	3.057627e-02
5.568000e-02	7.831013e-02
5.569000e-02	1.205733e-01
5.570000e-02	1.532011e-01
5.571000e-02	1.918428e-01
5.572000e-02	2.490920e-01
5.573000e-02	3.189275e-01
5.574000e-02	3.848592e-01
5.575000e-02	4.396350e-01
5.576000e-02	4.917454e-01
5.577000e-02	5.510353e-01
5.578000e-02	6.111457e-01
5.579000e-02	6.501403e-01
5.580000e-02	6.492315e-01
5.581000e-02	6.090702e-01
5.582000e-02	5.470179e-01
5.583000e-02	4.809355e-01
5.584000e-02	4.186327e-01
5.585000e-02	3.626404e-01
5.586000e-02	3.206153e-01
5.587000e-02	3.057658e-01
5.588000e-02	3.248203e-01
5.589000e-02	3.665768e-01
5.590000e-02	4.043599e-01
5.591000e-02	4.117867e-01
5.592000e-02	3.789699e-01
5.593000e-02	3.170980e-01
5.594000e-02	2.497454e-01
5.595000e-02	1.983490e-01
5.596000e-02	1.711159e-01
5.597000e-02	1.609397e-01
5.598000e-02	1.522491e-01
5.599000e-02	1.312728e-01
5.600000e-02	9.182275e-02
5.601000e-02	3.276064e-02
5.602000e-02	-4.783408e-02
5.603000e-02	-1.520422e-01
5.604000e-02	-2.721966e-01
5.605000e-02	-3.821618e-01
5.606000e-02	-4.442670e-01
5.607000e-02	-4.326713e-01
5.608000e-02	-3.546429e-01
5.609000e-02	-2.483879e-01
5.610000e-02	-1.563476e-01
5.611000e-02	-9.686575e-02
5.612000e-02	-5.889496e-02
5.613000e-02	-2.106550e-02
5.614000e-02	2.710943e-02
5.615000e-02	8.256641e-02
5.616000e-02	1.416922e-01
5.617000e-02	2.084696e-01
5.618000e-02	2.856555e-01
5.619000e-02	3.603579e-01
5.620000e-02	4.050235e-01
5.621000e-02	3.981857e-01
5.622000e-02	3.452502e-01
5.623000e-02	2.764723e-01
5.624000e-02	2.218486e-01
5.625000e-02	1.865583e-01
5.626000e-02	1.500633e-01
5.627000e-02	8.830310e-02
5.628000e-02	-2.886710e-03
5.629000e-02	-1.032461e-01
5.630000e-02	-1.829263e-01
5.631000e-02	-2.215227e-01
5.632000e-02	-2.176108e-01
5.633000e-02	-1.866264e-01
5.634000e-02	-1.522369e-01
5.635000e-02	-1.356097e-01
5.636000e-02	-1.455058e-01
5.637000e-02	-1.743039e-01
5.638000e-02	-2.051441e-01
5.639000e-02	-2.272508e-01
5.640000e-02	-2.461833e-01
5.641000e-02	-2.771391e-01
5.642000e-02	-3.258246e-01
5.643000e-02	-3.769320e-01
5.644000e-02	-4.055366e-01
5.645000e-02	-4.028912e-01
5.646000e-02	-3.897346e-01
5.647000e-02	-3.996664e-01
5.648000e-02	-4.457064e-01
5.649000e-02	-5.031819e-01
5.650000e-02	-5.283557e-01
5.651000e-02	-4.967105e-01
5.652000e-02	-4.239623e-01
5.653000e-02	-3.492175e-01
5.654000e-02	-2.971886e-01
5.655000e-02	-2.567893e-01
5.656000e-02	-1.962289e-01
5.657000e-02	-9.822028e-02
5.658000e-02	1.972811e-02
5.659000e-02	1.183350e-01
5.660000e-02	1.682362e-01
5.661000e-02	1.698695e-01
5.662000e-02	1.460134e-01
5.663000e-02	1.189746e-01
5.664000e-02	9.620107e-02
5.665000e-02	7.506646e-02
5.666000e-02	5.658012e-02
5.667000e-02	5.106751e-02
5.668000e-02	7.065229e-02
5.669000e-02	1.181724e-01
5.670000e-02	1.840126e-01
5.671000e-02	2.519053e-01
5.672000e-02	3.060327e-01
5.673000e-02	3.342075e-01
5.674000e-02	3.298374e-01
5.675000e-02	2.966010e-01
5.676000e-02	2.520952e-01
5.677000e-02	2.215246e-01
5.678000e-02	2.201516e-01
5.679000e-02	2.379216e-01
5.680000e-02	2.435975e-01
5.681000e-02	2.099231e-01
5.682000e-02	1.392742e-01
5.683000e-02	6.494738e-02
5.684000e-02	2.453443e-02
5.685000e-02	2.904187e-02
5.686000e-02	5.636536e-02
5.687000e-02	7.415241e-02
5.688000e-02	6.866141e-02
5.689000e-02	5.198998e-02
5.690000e-02	4.349580e-02
5.691000e-02	4.705450e-02
5.692000e-02	4.760619e-02
5.693000e-02	2.851003e-02
5.694000e-02	-9.807805e-03
5.695000e-02	-4.850087e-02
5.696000e-02	-6.586084e-02
5.697000e-02	-5.386539e-02
5.698000e-02	-2.194283e-02
5.699000e-02	1.205606e-02
5.700000e-02	3.403495e-02
5.701000e-02	4.075926e-02
5.702000e-02	4.007719e-02
5.703000e-02	4.586258e-02
5.704000e-02	6.961960e-02
5.705000e-02	1.121853e-01
5.706000e-02	1.612560e-01
5.707000e-02	1.982761e-01
5.708000e-02	2.103717e-01
5.709000e-02	1.970139e-01
5.710000e-02	1.651750e-01
5.711000e-02	1.183680e-01
5.712000e-02	5.169746e-02
5.713000e-02	-4.140121e-02
5.714000e-02	-1.581579e-01
5.715000e-02	-2.834695e-01
5.716000e-02	-3.978573e-01
5.717000e-02	-4.865678e-01
5.718000e-02	-5.392496e-01
5.719000e-02	-5.426022e-01
5.720000e-02	-4.797384e-01
5.721000e-02	-3.444548e-01
5.722000e-02	-1.597388e-01
5.723000e-02	2.139329e-02
5.724000e-02	1.423298e-01
5.725000e-02	1.791573e-01
5.726000e-02	1.551667e-01
5.727000e-02	1.184289e-01
5.728000e-02	1.014505e-01
5.729000e-02	9.991283e-02
5.730000e-02	8.921623e-02
5.731000e-02	5.973342e-02
5.732000e-02	3.290236e-02
5.733000e-02	4.081171e-02
5.734000e-02	9.078155e-02
5.735000e-02	1.525611e-01
5.736000e-02	1.821196e-01
5.737000e-02	1.583651e-01
5.738000e-02	9.763461e-02
5.739000e-02	3.572617e-02
5.740000e-02	-8.547337e-04
5.741000e-02	-7.779745e-03
5.742000e-02	4.566378e-03
5.743000e-02	2.370222e-02
5.744000e-02	4.124626e-02
5.745000e-02	5.602155e-02
5.746000e-02	7.902879e-02
5.747000e-02	1.324696e-01
5.748000e-02	2.319635e-01
5.749000e-02	3.609454e-01
5.750000e-02	4.663525e-01
5.751000e-02	4.922120e-01
5.752000e-02	4.267578e-01
5.753000e-02	3.152705e-01
5.754000e-02	2.199080e-01
5.755000e-02	1.642095e-01
5.756000e-02	1.199409e-01
5.757000e-02	4.968261e-02
5.758000e-02	-4.319700e-02
5.759000e-02	-1.136787e-01
5.760000e-02	-1.232169e-01
5.761000e-02	-8.056758e-02
5.762000e-02	-2.918722e-02
5.763000e-02	1.015300e-03
5.764000e-02	1.886174e-02
5.765000e-02	4.602860e-02
5.766000e-02	7.614222e-02
5.767000e-02	7.359240e-02
5.768000e-02	1.717893e-02
5.769000e-02	-6.372602e-02
5.770000e-02	-1.076722e-01
5.771000e-02	-7.878238e-02
5.772000e-02	-1.790002e-03
5.773000e-02	6.319068e-02
5.774000e-02	7.816533e-02
5.775000e-02	5.694650e-02
5.776000e-02	4.139726e-02
5.777000e-02	5.630840e-02
5.778000e-02	9.166140e-02
5.779000e-02	1.246412e-01
5.780000e-02	1.507433e-01
5.781000e-02	1.894657e-01
5.782000e-02	2.618286e-01
5.783000e-02	3.651454e-01
5.784000e-02	4.688588e-01
5.785000e-02	5.333239e-01
5.786000e-02	5.356309e-01
5.787000e-02	4.842897e-01
5.788000e-02	4.132754e-01
5.789000e-02	3.586782e-01
5.790000e-02	3.334978e-01
5.791000e-02	3.201642e-01
5.792000e-02	2.882520e-01
5.793000e-02	2.226005e-01
5.794000e-02	1.361361e-01
5.795000e-02	5.653559e-02
5.796000e-02	2.630831e-03
5.797000e-02	-2.479718e-02
5.798000e-02	-3.244176e-02
5.799000e-02	-2.181218e-02
5.800000e-02	9.561720e-03
5.801000e-02	5.949422e-02
5.802000e-02	1.224294e-01
5.803000e-02	2.010767e-01
5.804000e-02	3.078029e-01
5.805000e-02	4.434121e-01
5.806000e-02	5.735744e-01
5.807000e-02	6.375825e-01
5.808000e-02	5.939770e-01
5.809000e-02	4.624012e-01
5.810000e-02	3.158660e-01
5.811000e-02	2.251202e-01
5.812000e-02	2.068645e-01
5.813000e-02	2.235034e-01
5.814000e-02	2.280420e-01
5.815000e-02	2.040439e-01
5.816000e-02	1.634451e-01
5.817000e-02	1.147648e-01
5.818000e-02	4.290907e-02
5.819000e-02	-7.797216e-02
5.820000e-02	-2.556615e-01
5.821000e-02	-4.652249e-01
5.822000e-02	-6.591634e-01
5.823000e-02	-7.902531e-01
5.824000e-02	-8.319623e-01
5.825000e-02	-7.902008e-01
5.826000e-02	-7.031207e-01
5.827000e-02	-6.240236e-01
5.828000e-02	-5.905838e-01
5.829000e-02	-6.002890e-01
5.830000e-02	-6.150938e-01
5.831000e-02	-5.951177e-01
5.832000e-02	-5.322441e-01
5.833000e-02	-4.529786e-01
5.834000e-02	-3.903260e-01
5.835000e-02	-3.540546e-01
5.836000e-02	-3.260613e-01
5.837000e-02	-2.792701e-01
5.838000e-02	-1.984006e-01
5.839000e-02	-8.733021e-02
5.840000e-02	3.493895e-02
5.841000e-02	1.425550e-01
5.842000e-02	2.143796e-01
5.843000e-02	2.476761e-01
5.844000e-02	2.630220e-01
5.845000e-02	2.890871e-01
5.846000e-02	3.355234e-01
5.847000e-02	3.813857e-01
5.848000e-02	3.958703e-01
5.849000e-02	3.722880e-01
5.850000e-02	3.363889e-01
5.851000e-02	3.154478e-01
5.852000e-02	3.004336e-01
5.853000e-02	2.461382e-01
5.854000e-02	1.148255e-01
5.855000e-02	-7.948300e-02
5.856000e-02	-2.712642e-01
5.857000e-02	-3.873560e-01
5.858000e-02	-3.916583e-01
5.859000e-02	-2.946458e-01
5.860000e-02	-1.325869e-01
5.861000e-02	5.380189e-02
5.862000e-02	2.259596e-01
5.863000e-02	3.503366e-01
5.864000e-02	4.100437e-01
5.865000e-02	4.167274e-01
5.866000e-02	4.041636e-01
5.867000e-02	4.033144e-01
5.868000e-02	4.218408e-01
5.869000e-02	4.476643e-01
5.870000e-02	4.688568e-01
5.871000e-02	4.847924e-01
5.872000e-02	4.971555e-01
5.873000e-02	4.958035e-01
5.874000e-02	4.606054e-01
5.875000e-02	3.800773e-01
5.876000e-02	2.671175e-01
5.877000e-02	1.551612e-01
5.878000e-02	7.818070e-02
5.879000e-02	5.096988e-02
5.880000e-02	6.161718e-02
5.881000e-02	7.735805e-02
5.882000e-02	6.041226e-02
5.883000e-02	-1.092147e-02
5.884000e-02	-1.261164e-01
5.885000e-02	-2.454428e-01
5.886000e-02	-3.261599e-01
5.887000e-02	-3.541746e-01
5.888000e-02	-3.532804e-01
5.889000e-02	-3.620173e-01
5.890000e-02	-3.994374e-01
5.891000e-02	-4.521273e-01
5.892000e-02	-4.925232e-01
5.893000e-02	-5.071341e-01
5.894000e-02	-5.066573e-01
5.895000e-02	-5.123616e-01
5.896000e-02	-5.365528e-01
5.897000e-02	-5.748406e-01
5.898000e-02	-6.107892e-01
5.899000e-02	-6.235017e-01
5.900000e-02	-5.944881e-01
5.901000e-02	-5.169848e-01
5.902000e-02	-4.053892e-01
5.903000e-02	-2.935225e-01
5.904000e-02	-2.159935e-01
5.905000e-02	-1.855824e-01
5.906000e-02	-1.882503e-01
5.907000e-02	-2.013315e-01
5.908000e-02	-2.157023e-01
5.909000e-02	-2.388262e-01
5.910000e-02	-2.783358e-01
5.911000e-02	-3.281582e-01
5.912000e-02	-3.740022e-01
5.913000e-02	-4.093533e-01
5.914000e-02	-4.397275e-01
5.915000e-02	-4.690769e-01
5.916000e-02	-4.873096e-01
5.917000e-02	-4.788978e-01
5.918000e-02	-4.460853e-01
5.919000e-02	-4.182742e-01
5.920000e-02	-4.307195e-01
5.921000e-02	-4.902162e-01
5.922000e-02	-5.635972e-01
5.923000e-02	-6.038534e-01
5.924000e-02	-5.898718e-01
5.925000e-02	-5.413641e-01
5.926000e-02	-4.964011e-01
5.927000e-02	-4.770015e-01
5.928000e-02	-4.776474e-01
5.929000e-02	-4.836295e-01
5.930000e-02	-4.929284e-01
5.931000e-02	-5.139791e-01
5.932000e-02	-5.430708e-01
5.933000e-02	-5.528375e-01
5.934000e-02	-5.137349e-01
5.935000e-02	-4.314489e-01
5.936000e-02	-3.580772e-01
5.937000e-02	-3.557212e-01
5.938000e-02	-4.406855e-01
5.939000e-02	-5.625708e-01
5.940000e-02	-6.430399e-01
5.941000e-02	-6.401948e-01
5.942000e-02	-5.772868e-01
5.943000e-02	-5.098624e-01
5.944000e-02	-4.680622e-01
5.945000e-02	-4.343264e-01
5.946000e-02	-3.759341e-01
5.947000e-02	-2.915888e-01
5.948000e-02	-2.181379e-01
5.949000e-02	-1.911182e-01
5.950000e-02	-2.062942e-01
5.951000e-02	-2.275250e-01
5.952000e-02	-2.317224e-01
5.953000e-02	-2.376850e-01
5.954000e-02	-2.833609e-01
5.955000e-02	-3.755615e-01
5.956000e-02	-4.692535e-01
5.957000e-02	-5.023347e-01
5.958000e-02	-4.512983e-01
5.959000e-02	-3.506715e-01
5.960000e-02	-2.582208e-01
5.961000e-02	-2.041426e-01
5.962000e-02	-1.752098e-01
5.963000e-02	-1.439657e-01
5.964000e-02	-1.059785e-01
5.965000e-02	-8.452451e-02
5.966000e-02	-1.011531e-01
5.967000e-02	-1.473906e-01
5.968000e-02	-1.895043e-01
5.969000e-02	-2.019006e-01
5.970000e-02	-1.948419e-01
5.971000e-02	-2.077146e-01
5.972000e-02	-2.722591e-01
5.973000e-02	-3.784524e-01
5.974000e-02	-4.740831e-01
5.975000e-02	-5.003626e-01
5.976000e-02	-4.353894e-01
5.977000e-02	-3.102922e-01
5.978000e-02	-1.849745e-01
5.979000e-02	-1.033293e-01
5.980000e-02	-6.416833e-02
5.981000e-02	-2.999617e-02
5.982000e-02	3.654351e-02
5.983000e-02	1.407547e-01
5.984000e-02	2.536228e-01
5.985000e-02	3.364190e-01
5.986000e-02	3.676127e-01
5.987000e-02	3.506388e-01
5.988000e-02	3.023564e-01
5.989000e-02	2.385307e-01
5.990000e-02	1.697954e-01
5.991000e-02	1.063688e-01
5.992000e-02	6.041097e-02
5.993000e-02	4.016243e-02
5.994000e-02	4.183788e-02
5.995000e-02	4.969855e-02
5.996000e-02	4.721365e-02
5.997000e-02	3.092863e-02
5.998000e-02	1.490831e-02
5.999000e-02	2.089444e-02
6.000000e-02	6.107450e-02
6.001000e-02	1.266452e-01
6.002000e-02	1.911271e-01
6.003000e-02	2.261616e-01
6.004000e-02	2.183184e-01
6.005000e-02	1.754356e-01
6.006000e-02	1.195670e-01
6.007000e-02	7.301240e-02
6.008000e-02	4.676215e-02
6.009000e-02	3.663865e-02
6.010000e-02	2.712331e-02
6.011000e-02	5.420493e-04
6.012000e-02	-5.149943e-02
6.013000e-02	-1.197234e-01
6.014000e-02	-1.786682e-01
6.015000e-02	-2.003903e-01
6.016000e-02	-1.724008e-01
6.017000e-02	-1.054276e-01
6.018000e-02	-2.354120e-02
6.019000e-02	5.447957e-02
6.020000e-02	1.245298e-01
6.021000e-02	1.888155e-01
6.022000e-02	2.407169e-01
6.023000e-02	2.618587e-01
6.024000e-02	2.368087e-01
6.025000e-02	1.700636e-01
6.026000e-02	8.584917e-02
6.027000e-02	9.666593e-03
6.028000e-02	-4.876138e-02
6.029000e-02	-9.259040e-02
6.030000e-02	-1.194310e-01
6.031000e-02	-1.111902e-01
6.032000e-02	-4.864006e-02
6.033000e-02	6.080747e-02
6.034000e-02	1.721934e-01
6.035000e-02	2.261876e-01
6.036000e-02	1.901868e-01
6.037000e-02	8.107157e-02
6.038000e-02	-5.160503e-02
6.039000e-02	-1.665737e-01
6.040000e-02	-2.583125e-01
6.041000e-02	-3.477570e-01
6.042000e-02	-4.494109e-01
6.043000e-02	-5.498409e-01
6.044000e-02	-6.184882e-01
6.045000e-02	-6.374623e-01
6.046000e-02	-6.183617e-01
6.047000e-02	-5.894523e-01
6.048000e-02	-5.678687e-01
6.049000e-02	-5.452837e-01
6.050000e-02	-4.990601e-01
6.051000e-02	-4.146762e-01
6.052000e-02	-2.976994e-01
6.053000e-02	-1.690934e-01
6.054000e-02	-5.448189e-02
6.055000e-02	2.276342e-02
6.056000e-02	4.664989e-02
6.057000e-02	1.687092e-02
6.058000e-02	-4.539758e-02
6.059000e-02	-1.062194e-01
6.060000e-02	-1.414793e-01
6.061000e-02	-1.535288e-01
6.062000e-02	-1.631585e-01
6.063000e-02	-1.838755e-01
6.064000e-02	-2.068974e-01
6.065000e-02	-2.138924e-01
6.066000e-02	-2.008825e-01
6.067000e-02	-1.819536e-01
6.068000e-02	-1.663942e-01
6.069000e-02	-1.385003e-01
6.070000e-02	-6.948181e-02
6.071000e-02	4.839125e-02
6.072000e-02	1.865089e-01
6.073000e-02	3.057911e-01
6.074000e-02	3.959954e-01
6.075000e-02	4.807275e-01
6.076000e-02	5.789105e-01
6.077000e-02	6.672229e-01
6.078000e-02	6.911540e-01
6.079000e-02	6.173457e-01
6.080000e-02	4.703490e-01
6.081000e-02	3.125805e-01
6.082000e-02	1.901150e-01
6.083000e-02	1.041577e-01
6.084000e-02	3.533528e-02
6.085000e-02	-1.461254e-02
6.086000e-02	-1.704842e-02
6.087000e-02	4.643438e-02
6.088000e-02	1.501999e-01
6.089000e-02	2.369899e-01
6.090000e-02	2.653422e-01
6.091000e-02	2.409253e-01
6.092000e-02	2.003772e-01
6.093000e-02	1.693913e-01
6.094000e-02	1.413994e-01
6.095000e-02	9.516190e-02
6.096000e-02	2.600177e-02
6.097000e-02	-4.445178e-02
6.098000e-02	-8.654848e-02
6.099000e-02	-8.619872e-02
6.100000e-02	-5.190384e-02
6.101000e-02	-5.563509e-03
6.102000e-02	2.883813e-02
6.103000e-02	3.103323e-02
6.104000e-02	-1.130450e-02
6.105000e-02	-9.614810e-02
6.106000e-02	-2.035091e-01
6.107000e-02	-3.019435e-01
6.108000e-02	-3.636847e-01
6.109000e-02	-3.778713e-01
6.110000e-02	-3.528270e-01
6.111000e-02	-3.078450e-01
6.112000e-02	-2.619578e-01
6.113000e-02	-2.266631e-01
6.114000e-02	-2.050582e-01
6.115000e-02	-1.959107e-01
6.116000e-02	-1.987075e-01
6.117000e-02	-2.149799e-01
6.118000e-02	-2.442739e-01
6.119000e-02	-2.793471e-01
6.120000e-02	-3.079256e-01
6.121000e-02	-3.220818e-01
6.122000e-02	-3.261587e-01
6.123000e-02	-3.328175e-01
6.124000e-02	-3.486288e-01
6.125000e-02	-3.634818e-01
6.126000e-02	-3.561276e-01
6.127000e-02	-3.118682e-01
6.128000e-02	-2.356364e-01
6.129000e-02	-1.488286e-01
6.130000e-02	-7.482057e-02
6.131000e-02	-2.725473e-02
6.132000e-02	-8.670171e-03
6.133000e-02	-1.532930e-02
6.134000e-02	-4.086871e-02
6.135000e-02	-7.673691e-02
6.136000e-02	-1.114400e-01
6.137000e-02	-1.296867e-01
6.138000e-02	-1.125720e-01
6.139000e-02	-4.343019e-02
6.140000e-02	7.741238e-02
6.141000e-02	2.178852e-01
6.142000e-02	3.191245e-01
6.143000e-02	3.294962e-01
6.144000e-02	2.469974e-01
6.145000e-02	1.305034e-01
6.146000e-02	6.097259e-02
6.147000e-02	8.066972e-02
6.148000e-02	1.636160e-01
6.149000e-02	2.430861e-01
6.150000e-02	2.676066e-01
6.151000e-02	2.325389e-01
6.152000e-02	1.646741e-01
6.153000e-02	8.663158e-02
6.154000e-02	1.947812e-03
6.155000e-02	-9.007150e-02
6.156000e-02	-1.765473e-01
6.157000e-02	-2.355561e-01
6.158000e-02	-2.565189e-01
6.159000e-02	-2.501983e-01
6.160000e-02	-2.370041e-01
6.161000e-02	-2.294878e-01
6.162000e-02	-2.290282e-01
6.163000e-02	-2.352520e-01
6.164000e-02	-2.503516e-01
6.165000e-02	-2.706829e-01
6.166000e-02	-2.794141e-01
6.167000e-02	-2.561211e-01
6.168000e-02	-1.977814e-01
6.169000e-02	-1.282853e-01
6.170000e-02	-8.372442e-02
6.171000e-02	-8.693588e-02
6.172000e-02	-1.354924e-01
6.173000e-02	-2.106877e-01
6.174000e-02	-2.927172e-01
6.175000e-02	-3.658025e-01
6.176000e-02	-4.149279e-01
6.177000e-02	-4.277371e-01
6.178000e-02	-4.056010e-01
6.179000e-02	-3.708306e-01
6.180000e-02	-3.563975e-01
6.181000e-02	-3.829948e-01
6.182000e-02	-4.437472e-01
6.183000e-02	-5.104102e-01
6.184000e-02	-5.538192e-01
6.185000e-02	-5.595666e-01
6.186000e-02	-5.289016e-01
6.187000e-02	-4.715638e-01
6.188000e-02	-4.017524e-01
6.189000e-02	-3.380824e-01
6.190000e-02	-2.991300e-01
6.191000e-02	-2.912762e-01
6.192000e-02	-2.989284e-01
6.193000e-02	-2.909842e-01
6.194000e-02	-2.438860e-01
6.195000e-02	-1.635116e-01
6.196000e-02	-8.534933e-02
6.197000e-02	-5.025868e-02
6.198000e-02	-7.546992e-02
6.199000e-02	-1.454458e-01
6.200000e-02	-2.292524e-01
6.201000e-02	-3.070815e-01
6.202000e-02	-3.815096e-01
6.203000e-02	-4.652168e-01
6.204000e-02	-5.596345e-01
6.205000e-02	-6.459249e-01
6.206000e-02	-6.954483e-01
6.207000e-02	-6.877773e-01
6.208000e-02	-6.199809e-01
6.209000e-02	-5.032256e-01
6.210000e-02	-3.555566e-01
6.211000e-02	-1.988436e-01
6.212000e-02	-5.734141e-02
6.213000e-02	4.918117e-02
6.214000e-02	1.165526e-01
6.215000e-02	1.603862e-01
6.216000e-02	2.050359e-01
6.217000e-02	2.638040e-01
6.218000e-02	3.273667e-01
6.219000e-02	3.711252e-01
6.220000e-02	3.752346e-01
6.221000e-02	3.405361e-01
6.222000e-02	2.886098e-01
6.223000e-02	2.477224e-01
6.224000e-02	2.358909e-01
6.225000e-02	2.523000e-01
6.226000e-02	2.820326e-01
6.227000e-02	3.108086e-01
6.228000e-02	3.390842e-01
6.229000e-02	3.831442e-01
6.230000e-02	4.596136e-01
6.231000e-02	5.653574e-01
6.232000e-02	6.723181e-01
6.233000e-02	7.449783e-01
6.234000e-02	7.654439e-01
6.235000e-02	7.417399e-01
6.236000e-02	6.916792e-01
6.237000e-02	6.210902e-01
6.238000e-02	5.213680e-01
6.239000e-02	3.889049e-01
6.240000e-02	2.429607e-01
6.241000e-02	1.191402e-01
6.242000e-02	4.254079e-02
6.243000e-02	7.191255e-03
6.244000e-02	-1.815094e-02
6.245000e-02	-6.440819e-02
6.246000e-02	-1.402990e-01
6.247000e-02	-2.299126e-01
6.248000e-02	-3.064638e-01
6.249000e-02	-3.492788e-01
6.250000e-02	-3.542513e-01
6.251000e-02	-3.335357e-01
6.252000e-02	-3.035187e-01
6.253000e-02	-2.668624e-01
6.254000e-02	-2.042002e-01
6.255000e-02	-8.966559e-02
6.256000e-02	7.692435e-02
6.257000e-02	2.518932e-01
6.258000e-02	3.691353e-01
6.259000e-02	3.892768e-01
6.260000e-02	3.320017e-01
6.261000e-02	2.587715e-01
6.262000e-02	2.217499e-01
6.263000e-02	2.281139e-01
6.264000e-02	2.497809e-01
6.265000e-02	2.595331e-01
6.266000e-02	2.518995e-01
6.267000e-02	2.333969e-01
6.268000e-02	2.050144e-01
6.269000e-02	1.626245e-01
6.270000e-02	1.099832e-01
6.271000e-02	5.964431e-02
6.272000e-02	1.634287e-02
6.273000e-02	-3.286311e-02
6.274000e-02	-1.016317e-01
6.275000e-02	-1.772629e-01
6.276000e-02	-2.205812e-01
6.277000e-02	-2.017332e-01
6.278000e-02	-1.352371e-01
6.279000e-02	-7.268357e-02
6.280000e-02	-5.764468e-02
6.281000e-02	-9.045382e-02
6.282000e-02	-1.380365e-01
6.283000e-02	-1.713941e-01
6.284000e-02	-1.852494e-01
6.285000e-02	-1.831580e-01
6.286000e-02	-1.573098e-01
6.287000e-02	-9.568205e-02
6.288000e-02	-7.614861e-03
6.289000e-02	7.092675e-02
6.290000e-02	1.078298e-01
6.291000e-02	1.088669e-01
6.292000e-02	1.134875e-01
6.293000e-02	1.540052e-01
6.294000e-02	2.235616e-01
6.295000e-02	2.880096e-01
6.296000e-02	3.251869e-01
6.297000e-02	3.450418e-01
6.298000e-02	3.703144e-01
6.299000e-02	4.049302e-01
6.300000e-02	4.279302e-01
6.301000e-02	4.159832e-01
6.302000e-02	3.644365e-01
6.303000e-02	2.851467e-01
6.304000e-02	1.924523e-01
6.305000e-02	1.003823e-01
6.306000e-02	3.139978e-02
6.307000e-02	1.484851e-02
6.308000e-02	6.533535e-02
6.309000e-02	1.626945e-01
6.310000e-02	2.618965e-01
6.311000e-02	3.294402e-01
6.312000e-02	3.696375e-01
6.313000e-02	4.121081e-01
6.314000e-02	4.739861e-01
6.315000e-02	5.378622e-01
6.316000e-02	5.676133e-01
6.317000e-02	5.422003e-01
6.318000e-02	4.708786e-01
6.319000e-02	3.780521e-01
6.320000e-02	2.797965e-01
6.321000e-02	1.781650e-01
6.322000e-02	7.388815e-02
6.323000e-02	-2.317120e-02
6.324000e-02	-9.960448e-02
6.325000e-02	-1.514143e-01
6.326000e-02	-1.867118e-01
6.327000e-02	-2.143121e-01
6.328000e-02	-2.320380e-01
6.329000e-02	-2.287327e-01
6.330000e-02	-1.978767e-01
6.331000e-02	-1.477732e-01
6.332000e-02	-9.730667e-02
6.333000e-02	-6.146588e-02
6.334000e-02	-4.071932e-02
6.335000e-02	-2.387365e-02
6.336000e-02	-8.366093e-04
6.337000e-02	2.735798e-02
6.338000e-02	5.073591e-02
6.339000e-02	6.201425e-02
6.340000e-02	6.520415e-02
6.341000e-02	7.153671e-02
6.342000e-02	8.665703e-02
6.343000e-02	1.035149e-01
6.344000e-02	1.100925e-01
6.345000e-02	1.040111e-01
6.346000e-02	9.636127e-02
6.347000e-02	9.820979e-02
6.348000e-02	1.045002e-01
6.349000e-02	9.599276e-02
6.350000e-02	6.035975e-02
6.351000e-02	9.387606e-03
6.352000e-02	-2.968823e-02
6.353000e-02	-4.222152e-02
6.354000e-02	-4.307391e-02
6.355000e-02	-6.218844e-02
6.356000e-02	-1.136046e-01
6.357000e-02	-1.821301e-01
6.358000e-02	-2.419553e-01
6.359000e-02	-2.847993e-01
6.360000e-02	-3.249435e-01
6.361000e-02	-3.767129e-01
6.362000e-02	-4.324562e-01
6.363000e-02	-4.668912e-01
6.364000e-02	-4.605990e-01
6.365000e-02	-4.129712e-01
6.366000e-02	-3.306611e-01
6.367000e-02	-2.108616e-01
6.368000e-02	-4.641757e-02
6.369000e-02	1.492904e-01
6.370000e-02	3.296426e-01
6.371000e-02	4.376819e-01
6.372000e-02	4.479003e-01
6.373000e-02	3.850991e-01
6.374000e-02	2.997735e-01
6.375000e-02	2.248739e-01
6.376000e-02	1.576269e-01
6.377000e-02	8.156661e-02
6.378000e-02	4.926980e-04
6.379000e-02	-5.453896e-02
6.380000e-02	-5.239679e-02
6.381000e-02	6.730687e-03
6.382000e-02	8.865178e-02
6.383000e-02	1.531210e-01
6.384000e-02	1.847475e-01
6.385000e-02	2.000551e-01
6.386000e-02	2.290980e-01
6.387000e-02	2.909878e-01
6.388000e-02	3.817410e-01
6.389000e-02	4.779587e-01
6.390000e-02	5.490455e-01
6.391000e-02	5.705640e-01
6.392000e-02	5.348133e-01
6.393000e-02	4.551235e-01
6.394000e-02	3.602959e-01
6.395000e-02	2.802845e-01
6.396000e-02	2.313040e-01
6.397000e-02	2.099718e-01
6.398000e-02	1.989821e-01
6.399000e-02	1.782644e-01
6.400000e-02	1.340917e-01
6.401000e-02	6.369358e-02
6.402000e-02	-2.333855e-02
6.403000e-02	-1.072613e-01
6.404000e-02	-1.663144e-01
6.405000e-02	-1.888226e-01
6.406000e-02	-1.801909e-01
6.407000e-02	-1.564444e-01
6.408000e-02	-1.281278e-01
6.409000e-02	-9.038418e-02
6.410000e-02	-3.136929e-02
6.411000e-02	4.799086e-02
6.412000e-02	1.249331e-01
6.413000e-02	1.705850e-01
6.414000e-02	1.785559e-01
6.415000e-02	1.771706e-01
6.416000e-02	2.084699e-01
6.417000e-02	2.895161e-01
6.418000e-02	3.914265e-01
6.419000e-02	4.570891e-01
6.420000e-02	4.427491e-01
6.421000e-02	3.470104e-01
6.422000e-02	2.044376e-01
6.423000e-02	5.503257e-02
6.424000e-02	-7.921673e-02
6.425000e-02	-1.919363e-01
6.426000e-02	-2.744181e-01
6.427000e-02	-3.071291e-01
6.428000e-02	-2.724979e-01
6.429000e-02	-1.758975e-01
6.430000e-02	-5.175587e-02
6.431000e-02	5.414611e-02
6.432000e-02	1.124948e-01
6.433000e-02	1.258500e-01
6.434000e-02	1.209133e-01
6.435000e-02	1.264785e-01
6.436000e-02	1.553442e-01
6.437000e-02	2.016931e-01
6.438000e-02	2.510243e-01
6.439000e-02	2.908900e-01
6.440000e-02	3.135555e-01
6.441000e-02	3.117552e-01
6.442000e-02	2.761127e-01
6.443000e-02	2.008422e-01
6.444000e-02	9.486204e-02
6.445000e-02	-1.268625e-02
6.446000e-02	-8.175428e-02
6.447000e-02	-8.300652e-02
6.448000e-02	-1.717063e-02
6.449000e-02	8.318016e-02
6.450000e-02	1.719317e-01
6.451000e-02	2.145793e-01
6.452000e-02	2.023334e-01
6.453000e-02	1.478423e-01
6.454000e-02	7.075091e-02
6.455000e-02	-1.264476e-02
6.456000e-02	-8.935133e-02
6.457000e-02	-1.453388e-01
6.458000e-02	-1.666239e-01
6.459000e-02	-1.472858e-01
6.460000e-02	-9.574065e-02
6.461000e-02	-3.025902e-02
6.462000e-02	3.478486e-02
6.463000e-02	1.000408e-01
6.464000e-02	1.788392e-01
6.465000e-02	2.827582e-01
6.466000e-02	4.080267e-01
6.467000e-02	5.350479e-01
6.468000e-02	6.410400e-01
6.469000e-02	7.138326e-01
6.470000e-02	7.546746e-01
6.471000e-02	7.691323e-01
6.472000e-02	7.563753e-01
6.473000e-02	7.076171e-01
6.474000e-02	6.145891e-01
6.475000e-02	4.791901e-01
6.476000e-02	3.153895e-01
6.477000e-02	1.431614e-01
6.478000e-02	-1.807253e-02
6.479000e-02	-1.503681e-01
6.480000e-02	-2.348838e-01
6.481000e-02	-2.542422e-01
6.482000e-02	-2.033558e-01
6.483000e-02	-1.014438e-01
6.484000e-02	8.268500e-03
6.485000e-02	7.766007e-02
6.486000e-02	8.176677e-02
6.487000e-02	3.473426e-02
6.488000e-02	-2.099999e-02
6.489000e-02	-4.575496e-02
6.490000e-02	-2.915527e-02
6.491000e-02	9.878465e-03
6.492000e-02	4.835248e-02
6.493000e-02	8.480349e-02
6.494000e-02	1.398739e-01
6.495000e-02	2.309042e-01
6.496000e-02	3.460055e-01
6.497000e-02	4.448584e-01
6.498000e-02	4.878393e-01
6.499000e-02	4.671805e-01
6.500000e-02	4.117162e-01
6.501000e-02	3.621593e-01
6.502000e-02	3.407325e-01
6.503000e-02	3.410872e-01
6.504000e-02	3.423663e-01
6.505000e-02	3.296127e-01
6.506000e-02	3.022071e-01
6.507000e-02	2.684633e-01
6.508000e-02	2.372746e-01
6.509000e-02	2.148584e-01
6.510000e-02	2.044508e-01
6.511000e-02	2.040314e-01
6.512000e-02	2.037488e-01
6.513000e-02	1.891893e-01
6.514000e-02	1.510575e-01
6.515000e-02	9.299249e-02
6.516000e-02	2.943926e-02
6.517000e-02	-2.424157e-02
6.518000e-02	-5.912368e-02
6.519000e-02	-7.126496e-02
6.520000e-02	-5.634335e-02
6.521000e-02	-9.775856e-03
6.522000e-02	6.570622e-02
6.523000e-02	1.531148e-01
6.524000e-02	2.237484e-01
6.525000e-02	2.491846e-01
6.526000e-02	2.144502e-01
6.527000e-02	1.243273e-01
6.528000e-02	8.142284e-04
6.529000e-02	-1.255282e-01
6.530000e-02	-2.265668e-01
6.531000e-02	-2.859414e-01
6.532000e-02	-3.024914e-01
6.533000e-02	-2.860266e-01
6.534000e-02	-2.495121e-01
6.535000e-02	-2.049296e-01
6.536000e-02	-1.652276e-01
6.537000e-02	-1.460907e-01
6.538000e-02	-1.597785e-01
6.539000e-02	-2.029288e-01
6.540000e-02	-2.505891e-01
6.541000e-02	-2.662974e-01
6.542000e-02	-2.233190e-01
6.543000e-02	-1.208018e-01
6.544000e-02	1.674821e-02
6.545000e-02	1.532268e-01
6.546000e-02	2.557637e-01
6.547000e-02	3.033661e-01
6.548000e-02	2.909974e-01
6.549000e-02	2.314715e-01
6.550000e-02	1.521512e-01
6.551000e-02	8.370781e-02
6.552000e-02	4.701470e-02
6.553000e-02	4.926265e-02
6.554000e-02	9.112383e-02
6.555000e-02	1.723632e-01
6.556000e-02	2.839251e-01
6.557000e-02	3.940576e-01
6.558000e-02	4.516600e-01
6.559000e-02	4.175867e-01
6.560000e-02	3.017813e-01
6.561000e-02	1.677103e-01
6.562000e-02	9.044043e-02
6.563000e-02	1.002930e-01
6.564000e-02	1.621864e-01
6.565000e-02	2.088607e-01
6.566000e-02	1.951124e-01
6.567000e-02	1.228374e-01
6.568000e-02	2.017764e-02
6.569000e-02	-9.493074e-02
6.570000e-02	-2.259513e-01
6.571000e-02	-3.765361e-01
6.572000e-02	-5.272897e-01
6.573000e-02	-6.407681e-01
6.574000e-02	-6.903814e-01
6.575000e-02	-6.810051e-01
6.576000e-02	-6.388994e-01
6.577000e-02	-5.830571e-01
6.578000e-02	-5.097846e-01
6.579000e-02	-4.063156e-01
6.580000e-02	-2.769071e-01
6.581000e-02	-1.518755e-01
6.582000e-02	-6.894919e-02
6.583000e-02	-4.519449e-02
6.584000e-02	-6.630263e-02
6.585000e-02	-1.015631e-01
6.586000e-02	-1.284534e-01
6.587000e-02	-1.446218e-01
6.588000e-02	-1.601669e-01
6.589000e-02	-1.818370e-01
6.590000e-02	-2.052303e-01
6.591000e-02	-2.201827e-01
6.592000e-02	-2.214405e-01
6.593000e-02	-2.135500e-01
6.594000e-02	-2.060768e-01
6.595000e-02	-2.043067e-01
6.596000e-02	-2.037721e-01
6.597000e-02	-1.931694e-01
6.598000e-02	-1.633972e-01
6.599000e-02	-1.154567e-01
6.600000e-02	-6.022745e-02
6.601000e-02	-9.236941e-03
6.602000e-02	3.619645e-02
6.603000e-02	8.683758e-02
6.604000e-02	1.545201e-01
6.605000e-02	2.369204e-01
6.606000e-02	3.132548e-01
6.607000e-02	3.577621e-01
6.608000e-02	3.606486e-01
6.609000e-02	3.370999e-01
6.610000e-02	3.149210e-01
6.611000e-02	3.117758e-01
6.612000e-02	3.230554e-01
6.613000e-02	3.302781e-01
6.614000e-02	3.193883e-01
6.615000e-02	2.902719e-01
6.616000e-02	2.508157e-01
6.617000e-02	2.060370e-01
6.618000e-02	1.557127e-01
6.619000e-02	1.011374e-01
6.620000e-02	5.010306e-02
6.621000e-02	1.261355e-02
6.622000e-02	-7.752672e-03
6.623000e-02	-1.713911e-02
6.624000e-02	-2.768637e-02
6.625000e-02	-5.358715e-02
6.626000e-02	-1.105006e-01
6.627000e-02	-2.123863e-01
6.628000e-02	-3.599737e-01
6.629000e-02	-5.283494e-01
6.630000e-02	-6.705918e-01
6.631000e-02	-7.433581e-01
6.632000e-02	-7.365432e-01
6.633000e-02	-6.796080e-01
6.634000e-02	-6.165905e-01
6.635000e-02	-5.721445e-01
6.636000e-02	-5.395868e-01
6.637000e-02	-4.988600e-01
6.638000e-02	-4.424433e-01
6.639000e-02	-3.823764e-01
6.640000e-02	-3.347990e-01
6.641000e-02	-3.023220e-01
6.642000e-02	-2.737582e-01
6.643000e-02	-2.394794e-01
6.644000e-02	-2.043987e-01
6.645000e-02	-1.852955e-01
6.646000e-02	-1.959426e-01
6.647000e-02	-2.332110e-01
6.648000e-02	-2.735788e-01
6.649000e-02	-2.811381e-01
6.650000e-02	-2.238037e-01
6.651000e-02	-9.225466e-02
6.652000e-02	8.788974e-02
6.653000e-02	2.617574e-01
6.654000e-02	3.709993e-01
6.655000e-02	3.853228e-01
6.656000e-02	3.170637e-01
6.657000e-02	2.077108e-01
6.658000e-02	9.844549e-02
6.659000e-02	9.064522e-03
6.660000e-02	-6.097589e-02
6.661000e-02	-1.174942e-01
6.662000e-02	-1.611578e-01
6.663000e-02	-1.908588e-01
6.664000e-02	-2.132353e-01
6.665000e-02	-2.448603e-01
6.666000e-02	-3.029558e-01
6.667000e-02	-3.930886e-01
6.668000e-02	-5.051073e-01
6.669000e-02	-6.203383e-01
6.670000e-02	-7.230311e-01
6.671000e-02	-8.063039e-01
6.672000e-02	-8.687613e-01
6.673000e-02	-9.067173e-01
6.674000e-02	-9.109213e-01
6.675000e-02	-8.721156e-01
6.676000e-02	-7.903689e-01
6.677000e-02	-6.781981e-01
6.678000e-02	-5.533821e-01
6.679000e-02	-4.290608e-01
6.680000e-02	-3.126995e-01
6.681000e-02	-2.148961e-01
6.682000e-02	-1.546760e-01
6.683000e-02	-1.487027e-01
6.684000e-02	-1.910663e-01
6.685000e-02	-2.470370e-01
6.686000e-02	-2.749783e-01
6.687000e-02	-2.602406e-01
6.688000e-02	-2.266734e-01
6.689000e-02	-2.106210e-01
6.690000e-02	-2.225636e-01
6.691000e-02	-2.381485e-01
6.692000e-02	-2.305806e-01
6.693000e-02	-2.098384e-01
6.694000e-02	-2.232507e-01
6.695000e-02	-3.119607e-01
6.696000e-02	-4.665635e-01
6.697000e-02	-6.285161e-01
6.698000e-02	-7.368496e-01
6.699000e-02	-7.731810e-01
6.700000e-02	-7.620605e-01
6.701000e-02	-7.321341e-01
6.702000e-02	-6.827267e-01
6.703000e-02	-5.897947e-01
6.704000e-02	-4.403393e-01
6.705000e-02	-2.556335e-01
6.706000e-02	-7.916801e-02
6.707000e-02	5.616317e-02
6.708000e-02	1.476641e-01
6.709000e-02	2.118323e-01
6.710000e-02	2.566228e-01
6.711000e-02	2.651479e-01
6.712000e-02	2.063570e-01
6.713000e-02	6.410054e-02
6.714000e-02	-1.388810e-01
6.715000e-02	-3.421028e-01
6.716000e-02	-4.763176e-01
6.717000e-02	-5.029152e-01
6.718000e-02	-4.365173e-01
6.719000e-02	-3.331292e-01
6.720000e-02	-2.513698e-01
6.721000e-02	-2.159472e-01
6.722000e-02	-2.105113e-01
6.723000e-02	-2.012403e-01
6.724000e-02	-1.667587e-01
6.725000e-02	-1.089415e-01
6.726000e-02	-4.185426e-02
6.727000e-02	2.310313e-02
6.728000e-02	8.011050e-02
6.729000e-02	1.229380e-01
6.730000e-02	1.436821e-01
6.731000e-02	1.404182e-01
6.732000e-02	1.229495e-01
6.733000e-02	1.060999e-01
6.734000e-02	9.563170e-02
6.735000e-02	8.242531e-02
6.736000e-02	5.187609e-02
6.737000e-02	-1.952771e-03
6.738000e-02	-7.248139e-02
6.739000e-02	-1.489370e-01
6.740000e-02	-2.250822e-01
6.741000e-02	-2.990802e-01
6.742000e-02	-3.684964e-01
6.743000e-02	-4.295728e-01
6.744000e-02	-4.807024e-01
6.745000e-02	-5.213248e-01
6.746000e-02	-5.439280e-01
6.747000e-02	-5.308323e-01
6.748000e-02	-4.673804e-01
6.749000e-02	-3.635951e-01
6.750000e-02	-2.597156e-01
6.751000e-02	-2.018997e-01
6.752000e-02	-2.062109e-01
6.753000e-02	-2.465797e-01
6.754000e-02	-2.818984e-01
6.755000e-02	-2.972648e-01
6.756000e-02	-3.179898e-01
6.757000e-02	-3.820208e-01
6.758000e-02	-4.991335e-01
6.759000e-02	-6.381731e-01
6.760000e-02	-7.536636e-01
6.761000e-02	-8.231514e-01
6.762000e-02	-8.585362e-01
6.763000e-02	-8.841445e-01
6.764000e-02	-9.078506e-01
6.765000e-02	-9.147825e-01
6.766000e-02	-8.865090e-01
6.767000e-02	-8.226329e-01
6.768000e-02	-7.422420e-01
6.769000e-02	-6.656361e-01
6.770000e-02	-5.966968e-01
6.771000e-02	-5.241003e-01
6.772000e-02	-4.396118e-01
6.773000e-02	-3.543031e-01
6.774000e-02	-2.949913e-01
6.775000e-02	-2.819566e-01
6.776000e-02	-3.079010e-01
6.777000e-02	-3.391268e-01
6.778000e-02	-3.402976e-01
6.779000e-02	-3.009868e-01
6.780000e-02	-2.387285e-01
6.781000e-02	-1.756083e-01
6.782000e-02	-1.128638e-01
6.783000e-02	-3.118671e-02
6.784000e-02	8.266790e-02
6.785000e-02	2.121325e-01
6.786000e-02	3.179059e-01
6.787000e-02	3.705928e-01
6.788000e-02	3.744808e-01
6.789000e-02	3.567866e-01
6.790000e-02	3.348358e-01
6.791000e-02	2.979819e-01
6.792000e-02	2.235460e-01
6.793000e-02	1.072718e-01
6.794000e-02	-2.602648e-02
6.795000e-02	-1.409647e-01
6.796000e-02	-2.157003e-01
6.797000e-02	-2.467686e-01
6.798000e-02	-2.381039e-01
6.799000e-02	-1.966923e-01
6.800000e-02	-1.422292e-01
6.801000e-02	-1.112559e-01
6.802000e-02	-1.371351e-01
6.803000e-02	-2.188531e-01
6.804000e-02	-3.132603e-01
6.805000e-02	-3.646893e-01
6.806000e-02	-3.441292e-01
6.807000e-02	-2.587537e-01
6.808000e-02	-1.279197e-01
6.809000e-02	3.898958e-02
6.810000e-02	2.340858e-01
6.811000e-02	4.277298e-01
6.812000e-02	5.708634e-01
6.813000e-02	6.324923e-01
6.814000e-02	6.321535e-01
6.815000e-02	6.237907e-01
6.816000e-02	6.412254e-01
6.817000e-02	6.637901e-01
6.818000e-02	6.419964e-01
6.819000e-02	5.549880e-01
6.820000e-02	4.339157e-01
6.821000e-02	3.248406e-01
6.822000e-02	2.360718e-01
6.823000e-02	1.333197e-01
6.824000e-02	-1.075739e-02
6.825000e-02	-1.709678e-01
6.826000e-02	-2.828287e-01
6.827000e-02	-3.024496e-01
6.828000e-02	-2.489241e-01
6.829000e-02	-1.863607e-01
6.830000e-02	-1.686124e-01
6.831000e-02	-2.038452e-01
6.832000e-02	-2.654201e-01
6.833000e-02	-3.237197e-01
6.834000e-02	-3.612566e-01
6.835000e-02	-3.658835e-01
6.836000e-02	-3.259309e-01
6.837000e-02	-2.410069e-01
6.838000e-02	-1.327364e-01
6.839000e-02	-3.442050e-02
6.840000e-02	3.448058e-02
6.841000e-02	8.069350e-02
6.842000e-02	1.214515e-01
6.843000e-02	1.596685e-01
6.844000e-02	1.800721e-01
6.845000e-02	1.702854e-01
6.846000e-02	1.395384e-01
6.847000e-02	1.100626e-01
6.848000e-02	8.977956e-02
6.849000e-02	5.917328e-02
6.850000e-02	-9.059883e-03
6.851000e-02	-1.157489e-01
6.852000e-02	-2.222758e-01
6.853000e-02	-2.743851e-01
6.854000e-02	-2.423363e-01
6.855000e-02	-1.423817e-01
6.856000e-02	-2.326843e-02
6.857000e-02	6.779708e-02
6.858000e-02	1.113280e-01
6.859000e-02	1.169590e-01
6.860000e-02	1.054903e-01
6.861000e-02	9.011612e-02
6.862000e-02	7.111016e-02
6.863000e-02	4.366705e-02
6.864000e-02	7.451989e-03
6.865000e-02	-3.237273e-02
6.866000e-02	-7.193773e-02
6.867000e-02	-1.135114e-01
6.868000e-02	-1.611101e-01
6.869000e-02	-2.109980e-01
6.870000e-02	-2.485872e-01
6.871000e-02	-2.573787e-01
6.872000e-02	-2.323058e-01
6.873000e-02	-1.842981e-01
6.874000e-02	-1.318269e-01
6.875000e-02	-8.855229e-02
6.876000e-02	-5.879842e-02
6.877000e-02	-4.237343e-02
6.878000e-02	-4.016630e-02
6.879000e-02	-5.349607e-02
6.880000e-02	-7.963588e-02
6.881000e-02	-1.104761e-01
6.882000e-02	-1.361078e-01
6.883000e-02	-1.485943e-01
6.884000e-02	-1.423527e-01
6.885000e-02	-1.136312e-01
6.886000e-02	-6.283106e-02
6.887000e-02	2.253332e-03
6.888000e-02	6.810255e-02
6.889000e-02	1.231021e-01
6.890000e-02	1.643144e-01
6.891000e-02	1.964899e-01
6.892000e-02	2.250618e-01
6.893000e-02	2.512685e-01
6.894000e-02	2.736157e-01
6.895000e-02	2.914804e-01
6.896000e-02	3.052606e-01
6.897000e-02	3.139963e-01
6.898000e-02	3.152428e-01
6.899000e-02	3.071175e-01
6.900000e-02	2.870171e-01
6.901000e-02	2.460242e-01
6.902000e-02	1.679103e-01
6.903000e-02	4.101840e-02
6.904000e-02	-1.241854e-01
6.905000e-02	-2.916616e-01
6.906000e-02	-4.203455e-01
6.907000e-02	-4.928430e-01
6.908000e-02	-5.242172e-01
6.909000e-02	-5.414191e-01
6.910000e-02	-5.545053e-01
6.911000e-02	-5.486134e-01
6.912000e-02	-5.019136e-01
6.913000e-02	-4.077919e-01
6.914000e-02	-2.799069e-01
6.915000e-02	-1.420407e-01
6.916000e-02	-1.919973e-02
6.917000e-02	6.418250e-02
6.918000e-02	8.938990e-02
6.919000e-02	5.761353e-02
6.920000e-02	-1.722045e-03
6.921000e-02	-4.763424e-02
6.922000e-02	-6.216691e-02
6.923000e-02	-6.820357e-02
6.924000e-02	-1.059185e-01
6.925000e-02	-1.872018e-01
6.926000e-02	-2.759355e-01
6.927000e-02	-3.179108e-01
6.928000e-02	-2.907657e-01
6.929000e-02	-2.219979e-01
6.930000e-02	-1.583399e-01
6.931000e-02	-1.223401e-01
6.932000e-02	-1.019015e-01
6.933000e-02	-7.702140e-02
6.934000e-02	-4.631090e-02
6.935000e-02	-2.231354e-02
6.936000e-02	-7.200441e-03
6.937000e-02	1.545287e-02
6.938000e-02	6.008264e-02
6.939000e-02	1.160696e-01
6.940000e-02	1.536354e-01
6.941000e-02	1.549431e-01
6.942000e-02	1.350071e-01
6.943000e-02	1.278753e-01
6.944000e-02	1.534391e-01
6.945000e-02	2.012733e-01
6.946000e-02	2.464851e-01
6.947000e-02	2.760516e-01
6.948000e-02	2.955310e-01
6.949000e-02	3.124919e-01
6.950000e-02	3.204402e-01
6.951000e-02	3.036080e-01
6.952000e-02	2.559716e-01
6.953000e-02	1.911918e-01
6.954000e-02	1.321492e-01
6.955000e-02	9.252546e-02
6.956000e-02	7.002940e-02
6.957000e-02	5.547269e-02
6.958000e-02	4.444192e-02
6.959000e-02	3.862543e-02
6.960000e-02	3.861145e-02
6.961000e-02	3.995962e-02
6.962000e-02	3.870695e-02
6.963000e-02	3.975061e-02
6.964000e-02	5.721023e-02
6.965000e-02	1.042181e-01
6.966000e-02	1.808579e-01
6.967000e-02	2.715619e-01
6.968000e-02	3.551747e-01
6.969000e-02	4.197076e-01
6.970000e-02	4.689356e-01
6.971000e-02	5.137417e-01
6.972000e-02	5.541043e-01
6.973000e-02	5.680948e-01
6.974000e-02	5.217430e-01
6.975000e-02	3.966104e-01
6.976000e-02	2.132079e-01
6.977000e-02	2.697712e-02
6.978000e-02	-1.045683e-01
6.979000e-02	-1.575626e-01
6.980000e-02	-1.492513e-01
6.981000e-02	-1.118999e-01
6.982000e-02	-6.087084e-02
6.983000e-02	9.906256e-03
6.984000e-02	1.020021e-01
6.985000e-02	1.880843e-01
6.986000e-02	2.219866e-01
6.987000e-02	1.791665e-01
6.988000e-02	8.719495e-02
6.989000e-02	1.138825e-02
6.990000e-02	5.019047e-03
6.991000e-02	7.054047e-02
6.992000e-02	1.676468e-01
6.993000e-02	2.563073e-01
6.994000e-02	3.289997e-01
6.995000e-02	4.018722e-01
6.996000e-02	4.808452e-01
6.997000e-02	5.442450e-01
6.998000e-02	5.617591e-01
6.999000e-02	5.270594e-01
7.000000e-02	4.665468e-01
7.001000e-02	4.142748e-01
7.002000e-02	3.801614e-01
7.003000e-02	3.439766e-01
7.004000e-02	2.784001e-01
7.005000e-02	1.756602e-01
7.006000e-02	5.384685e-02
7.007000e-02	-5.654845e-02
7.008000e-02	-1.287605e-01
7.009000e-02	-1.478209e-01
7.010000e-02	-1.139648e-01
7.011000e-02	-4.581849e-02
7.012000e-02	2.225913e-02
7.013000e-02	5.590561e-02
7.014000e-02	4.246060e-02
7.015000e-02	-1.093935e-03
7.016000e-02	-4.460103e-02
7.017000e-02	-7.155307e-02
7.018000e-02	-9.008066e-02
7.019000e-02	-1.183259e-01
7.020000e-02	-1.618854e-01
7.021000e-02	-2.081314e-01
7.022000e-02	-2.412524e-01
7.023000e-02	-2.580624e-01
7.024000e-02	-2.657548e-01
7.025000e-02	-2.661441e-01
7.026000e-02	-2.476789e-01
7.027000e-02	-1.968784e-01
7.028000e-02	-1.170727e-01
7.029000e-02	-3.273314e-02
7.030000e-02	2.699556e-02
7.031000e-02	4.975735e-02
7.032000e-02	4.602307e-02
7.033000e-02	3.582478e-02
7.034000e-02	3.107478e-02
7.035000e-02	3.044223e-02
7.036000e-02	2.927052e-02
7.037000e-02	3.192741e-02
7.038000e-02	5.248120e-02
7.039000e-02	1.017825e-01
7.040000e-02	1.730434e-01
7.041000e-02	2.410367e-01
7.042000e-02	2.785725e-01
7.043000e-02	2.772056e-01
7.044000e-02	2.529484e-01
7.045000e-02	2.303933e-01
7.046000e-02	2.200844e-01
7.047000e-02	2.123110e-01
7.048000e-02	1.942868e-01
7.049000e-02	1.718204e-01
7.050000e-02	1.697631e-01
7.051000e-02	2.080394e-01
7.052000e-02	2.785187e-01
7.053000e-02	3.491693e-01
7.054000e-02	3.921149e-01
7.055000e-02	4.047016e-01
7.056000e-02	4.004598e-01
7.057000e-02	3.823350e-01
7.058000e-02	3.322218e-01
7.059000e-02	2.318212e-01
7.060000e-02	9.144160e-02
7.061000e-02	-4.882101e-02
7.062000e-02	-1.512602e-01
7.063000e-02	-2.136965e-01
7.064000e-02	-2.686797e-01
7.065000e-02	-3.498451e-01
7.066000e-02	-4.601918e-01
7.067000e-02	-5.721821e-01
7.068000e-02	-6.547646e-01
7.069000e-02	-6.976494e-01
7.070000e-02	-7.121806e-01
7.071000e-02	-7.150474e-01
7.072000e-02	-7.144606e-01
7.073000e-02	-7.087415e-01
7.074000e-02	-6.920321e-01
7.075000e-02	-6.588872e-01
7.076000e-02	-6.064283e-01
7.077000e-02	-5.362089e-01
7.078000e-02	-4.545694e-01
7.079000e-02	-3.688607e-01
7.080000e-02	-2.822021e-01
7.081000e-02	-1.935153e-01
7.082000e-02	-1.041791e-01
7.083000e-02	-2.338207e-02
7.084000e-02	3.564976e-02
7.085000e-02	6.518185e-02
7.086000e-02	6.690169e-02
7.087000e-02	4.576516e-02
7.088000e-02	2.991786e-03
7.089000e-02	-6.057676e-02
7.090000e-02	-1.335271e-01
7.091000e-02	-1.905665e-01
7.092000e-02	-2.055605e-01
7.093000e-02	-1.702024e-01
7.094000e-02	-9.889962e-02
7.095000e-02	-1.430687e-02
7.096000e-02	7.111227e-02
7.097000e-02	1.584265e-01
7.098000e-02	2.488685e-01
7.099000e-02	3.301825e-01
7.100000e-02	3.779997e-01
7.101000e-02	3.707934e-01
7.102000e-02	3.044437e-01
7.103000e-02	1.956942e-01
7.104000e-02	7.506144e-02
7.105000e-02	-2.448212e-02
7.106000e-02	-7.880317e-02
7.107000e-02	-8.169142e-02
7.108000e-02	-4.772208e-02
7.109000e-02	-4.733093e-03
7.110000e-02	2.179484e-02
7.111000e-02	2.230263e-02
7.112000e-02	4.946117e-03
7.113000e-02	-1.430912e-02
7.114000e-02	-2.397865e-02
7.115000e-02	-2.266294e-02
7.116000e-02	-1.645418e-02
7.117000e-02	-1.263226e-02
7.118000e-02	-1.434149e-02
7.119000e-02	-1.862964e-02
7.120000e-02	-1.875921e-02
7.121000e-02	-9.760550e-03
7.122000e-02	7.286766e-03
7.123000e-02	2.755284e-02
7.124000e-02	5.048129e-02
7.125000e-02	8.438154e-02
7.126000e-02	1.392576e-01
7.127000e-02	2.123063e-01
7.128000e-02	2.819925e-01
7.129000e-02	3.211372e-01
7.130000e-02	3.196457e-01
7.131000e-02	2.947957e-01
7.132000e-02	2.775143e-01
7.133000e-02	2.870508e-01
7.134000e-02	3.177961e-01
7.135000e-02	3.484355e-01
7.136000e-02	3.609919e-01
7.137000e-02	3.505642e-01
7.138000e-02	3.205949e-01
7.139000e-02	2.744836e-01
7.140000e-02	2.142788e-01
7.141000e-02	1.448050e-01
7.142000e-02	7.464131e-02
7.143000e-02	1.155527e-02
7.144000e-02	-4.127346e-02
7.145000e-02	-8.314198e-02
7.146000e-02	-1.113154e-01
7.147000e-02	-1.208137e-01
7.148000e-02	-1.087811e-01
7.149000e-02	-7.749447e-02
7.150000e-02	-3.303240e-02
7.151000e-02	1.633575e-02
7.152000e-02	5.852459e-02
7.153000e-02	7.748006e-02
7.154000e-02	6.182469e-02
7.155000e-02	1.889294e-02
7.156000e-02	-2.148691e-02
7.157000e-02	-2.425309e-02
7.158000e-02	2.338995e-02
7.159000e-02	9.985892e-02
7.160000e-02	1.661688e-01
7.161000e-02	1.968720e-01
7.162000e-02	1.953852e-01
7.163000e-02	1.809637e-01
7.164000e-02	1.643958e-01
7.165000e-02	1.392069e-01
7.166000e-02	9.509253e-02
7.167000e-02	3.484806e-02
7.168000e-02	-2.565814e-02
7.169000e-02	-7.286466e-02
7.170000e-02	-1.063250e-01
7.171000e-02	-1.317851e-01
7.172000e-02	-1.457578e-01
7.173000e-02	-1.314301e-01
7.174000e-02	-7.246275e-02
7.175000e-02	2.940850e-02
7.176000e-02	1.510149e-01
7.177000e-02	2.607647e-01
7.178000e-02	3.340696e-01
7.179000e-02	3.587268e-01
7.180000e-02	3.321219e-01
7.181000e-02	2.600752e-01
7.182000e-02	1.598273e-01
7.183000e-02	5.881504e-02
7.184000e-02	-1.716588e-02
7.185000e-02	-5.899683e-02
7.186000e-02	-7.716963e-02
7.187000e-02	-8.764421e-02
7.188000e-02	-9.416457e-02
7.189000e-02	-8.546007e-02
7.190000e-02	-4.980552e-02
7.191000e-02	9.878706e-03
7.192000e-02	7.725767e-02
7.193000e-02	1.373145e-01
7.194000e-02	1.855675e-01
7.195000e-02	2.199206e-01
7.196000e-02	2.258929e-01
7.197000e-02	1.767343e-01
7.198000e-02	5.459734e-02
7.199000e-02	-1.259215e-01
7.200000e-02	-3.163400e-01
7.201000e-02	-4.590332e-01
7.202000e-02	-5.181645e-01
7.203000e-02	-4.941533e-01
7.204000e-02	-4.169601e-01
7.205000e-02	-3.293181e-01
7.206000e-02	-2.700227e-01
7.207000e-02	-2.589286e-01
7.208000e-02	-2.858603e-01
7.209000e-02	-3.132709e-01
7.210000e-02	-2.993761e-01
7.211000e-02	-2.292414e-01
7.212000e-02	-1.268206e-01
7.213000e-02	-3.429593e-02
7.214000e-02	2.228306e-02
7.215000e-02	4.650574e-02
7.216000e-02	5.251475e-02
7.217000e-02	3.893550e-02
7.218000e-02	-1.086775e-02
7.219000e-02	-1.015768e-01
7.220000e-02	-2.055669e-01
7.221000e-02	-2.769132e-01
7.222000e-02	-2.866835e-01
7.223000e-02	-2.409175e-01
7.224000e-02	-1.638390e-01
7.225000e-02	-7.061422e-02
7.226000e-02	3.570922e-02
7.227000e-02	1.423739e-01
7.228000e-02	2.144128e-01
7.229000e-02	2.161886e-01
7.230000e-02	1.479203e-01
7.231000e-02	5.446267e-02
7.232000e-02	-8.726510e-03
7.233000e-02	-1.976407e-02
7.234000e-02	-3.938963e-04
7.235000e-02	1.460757e-02
7.236000e-02	1.267304e-02
7.237000e-02	7.657922e-03
7.238000e-02	1.574228e-02
7.239000e-02	3.502754e-02
7.240000e-02	5.008310e-02
7.241000e-02	5.060859e-02
7.242000e-02	3.976939e-02
7.243000e-02	2.444940e-02
7.244000e-02	1.736039e-03
7.245000e-02	-4.244705e-02
7.246000e-02	-1.223404e-01
7.247000e-02	-2.402942e-01
7.248000e-02	-3.824161e-01
7.249000e-02	-5.231664e-01
7.250000e-02	-6.369954e-01
7.251000e-02	-7.130723e-01
7.252000e-02	-7.636416e-01
7.253000e-02	-8.151452e-01
7.254000e-02	-8.839493e-01
7.255000e-02	-9.571401e-01
7.256000e-02	-1.000000e+00
7.257000e-02	-9.869366e-01
7.258000e-02	-9.259711e-01
7.259000e-02	-8.508163e-01
7.260000e-02	-7.885729e-01
7.261000e-02	-7.375412e-01
7.262000e-02	-6.772626e-01
7.263000e-02	-5.957890e-01
7.264000e-02	-5.012344e-01
7.265000e-02	-4.063771e-01
7.266000e-02	-3.087022e-01
7.267000e-02	-1.926828e-01
7.268000e-02	-5.237485e-02
7.269000e-02	9.297093e-02
7.270000e-02	2.092324e-01
7.271000e-02	2.727189e-01
7.272000e-02	2.846251e-01
7.273000e-02	2.638527e-01
7.274000e-02	2.305264e-01
7.275000e-02	1.965407e-01
7.276000e-02	1.653788e-01
7.277000e-02	1.335730e-01
7.278000e-02	9.144742e-02
7.279000e-02	2.838058e-02
7.280000e-02	-5.664109e-02
7.281000e-02	-1.487494e-01
7.282000e-02	-2.239161e-01
7.283000e-02	-2.636377e-01
7.284000e-02	-2.635044e-01
7.285000e-02	-2.295295e-01
7.286000e-02	-1.702537e-01
7.287000e-02	-9.411291e-02
7.288000e-02	-1.022798e-02
7.289000e-02	7.488440e-02
7.290000e-02	1.628231e-01
7.291000e-02	2.597519e-01
7.292000e-02	3.611017e-01
7.293000e-02	4.407479e-01
7.294000e-02	4.629401e-01
7.295000e-02	4.113044e-01
7.296000e-02	3.058445e-01
7.297000e-02	1.876457e-01
7.298000e-02	8.591427e-02
7.299000e-02	2.338749e-03
7.300000e-02	-7.248733e-02
7.301000e-02	-1.335702e-01
7.302000e-02	-1.596881e-01
7.303000e-02	-1.380618e-01
7.304000e-02	-8.568195e-02
7.305000e-02	-4.146911e-02
7.306000e-02	-3.762251e-02
7.307000e-02	-8.026101e-02
7.308000e-02	-1.544050e-01
7.309000e-02	-2.390424e-01
7.310000e-02	-3.120976e-01
7.311000e-02	-3.465526e-01
7.312000e-02	-3.155645e-01
7.313000e-02	-2.123590e-01
7.314000e-02	-6.603822e-02
7.315000e-02	6.871596e-02
7.316000e-02	1.447191e-01
7.317000e-02	1.501933e-01
7.318000e-02	1.082438e-01
7.319000e-02	5.232999e-02
7.320000e-02	1.860336e-03
7.321000e-02	-4.407693e-02
7.322000e-02	-9.656740e-02
7.323000e-02	-1.633186e-01
7.324000e-02	-2.415240e-01
7.325000e-02	-3.191494e-01
7.326000e-02	-3.820339e-01
7.327000e-02	-4.216121e-01
7.328000e-02	-4.367838e-01
7.329000e-02	-4.279672e-01
7.330000e-02	-3.911698e-01
7.331000e-02	-3.231147e-01
7.332000e-02	-2.359572e-01
7.333000e-02	-1.635399e-01
7.334000e-02	-1.438924e-01
7.335000e-02	-1.884975e-01
7.336000e-02	-2.694596e-01
7.337000e-02	-3.420689e-01
7.338000e-02	-3.824788e-01
7.339000e-02	-4.017213e-01
7.340000e-02	-4.230245e-01
7.341000e-02	-4.512685e-01
7.342000e-02	-4.711513e-01
7.343000e-02	-4.739533e-01
7.344000e-02	-4.764176e-01
7.345000e-02	-5.045103e-01
7.346000e-02	-5.585947e-01
7.347000e-02	-6.006595e-01
7.348000e-02	-5.793258e-01
7.349000e-02	-4.660800e-01
7.350000e-02	-2.678466e-01
7.351000e-02	-1.283308e-02
7.352000e-02	2.651031e-01
7.353000e-02	5.277342e-01
7.354000e-02	7.319883e-01
7.355000e-02	8.449471e-01
7.356000e-02	8.656556e-01
7.357000e-02	8.271078e-01
7.358000e-02	7.708741e-01
7.359000e-02	7.202487e-01
7.360000e-02	6.799377e-01
7.361000e-02	6.557740e-01
7.362000e-02	6.618383e-01
7.363000e-02	7.009031e-01
7.364000e-02	7.440441e-01
7.365000e-02	7.423150e-01
7.366000e-02	6.649185e-01
7.367000e-02	5.230516e-01
7.368000e-02	3.539432e-01
7.369000e-02	1.875869e-01
7.370000e-02	3.717570e-02
7.371000e-02	-8.138073e-02
7.372000e-02	-1.378130e-01
7.373000e-02	-1.112807e-01
7.374000e-02	-2.545584e-02
7.375000e-02	5.450090e-02
7.376000e-02	7.242365e-02
7.377000e-02	2.881955e-02
7.378000e-02	-2.763597e-02
7.379000e-02	-5.581436e-02
7.380000e-02	-6.190949e-02
7.381000e-02	-8.045954e-02
7.382000e-02	-1.243480e-01
7.383000e-02	-1.664559e-01
7.384000e-02	-1.737427e-01
7.385000e-02	-1.493286e-01
7.386000e-02	-1.299597e-01
7.387000e-02	-1.427084e-01
7.388000e-02	-1.740761e-01
7.389000e-02	-1.871139e-01
7.390000e-02	-1.629176e-01
7.391000e-02	-1.164992e-01
7.392000e-02	-7.303487e-02
7.393000e-02	-3.965625e-02
7.394000e-02	-8.541414e-03
7.395000e-02	1.757544e-02
7.396000e-02	1.619157e-02
7.397000e-02	-3.181716e-02
7.398000e-02	-1.146223e-01
7.399000e-02	-1.934352e-01
7.400000e-02	-2.362631e-01
7.401000e-02	-2.438806e-01
7.402000e-02	-2.403676e-01
7.403000e-02	-2.420571e-01
7.404000e-02	-2.408930e-01
7.405000e-02	-2.173093e-01
7.406000e-02	-1.629776e-01
7.407000e-02	-8.688515e-02
7.408000e-02	-2.586841e-03
7.409000e-02	8.364756e-02
7.410000e-02	1.700018e-01
7.411000e-02	2.493433e-01
7.412000e-02	3.082343e-01
7.413000e-02	3.370216e-01
7.414000e-02	3.384072e-01
7.415000e-02	3.244426e-01
7.416000e-02	3.064527e-01
7.417000e-02	2.895792e-01
7.418000e-02	2.760332e-01
7.419000e-02	2.704099e-01
7.420000e-02	2.796308e-01
7.421000e-02	3.078502e-01
7.422000e-02	3.520654e-01
7.423000e-02	4.021671e-01
7.424000e-02	4.446694e-01
7.425000e-02	4.678252e-01
7.426000e-02	4.662859e-01
7.427000e-02	4.430585e-01
7.428000e-02	4.066758e-01
7.429000e-02	3.650196e-01
7.430000e-02	3.213451e-01
7.431000e-02	2.764867e-01
7.432000e-02	2.338878e-01
7.433000e-02	1.997641e-01
7.434000e-02	1.761854e-01
7.435000e-02	1.545171e-01
7.436000e-02	1.181663e-01
7.437000e-02	5.396265e-02
7.438000e-02	-3.794052e-02
7.439000e-02	-1.435783e-01
7.440000e-02	-2.416685e-01
7.441000e-02	-3.097174e-01
7.442000e-02	-3.280649e-01
7.443000e-02	-2.863221e-01
7.444000e-02	-1.923810e-01
7.445000e-02	-7.471693e-02
7.446000e-02	3.047255e-02
7.447000e-02	1.009336e-01
7.448000e-02	1.400345e-01
7.449000e-02	1.668596e-01
7.450000e-02	1.946158e-01
7.451000e-02	2.190240e-01
7.452000e-02	2.265048e-01
7.453000e-02	2.103792e-01
7.454000e-02	1.771257e-01
7.455000e-02	1.394078e-01
7.456000e-02	1.080245e-01
7.457000e-02	9.199511e-02
7.458000e-02	1.010317e-01
7.459000e-02	1.399976e-01
7.460000e-02	1.981433e-01
7.461000e-02	2.485271e-01
7.462000e-02	2.650946e-01
7.463000e-02	2.431843e-01
7.464000e-02	2.012118e-01
7.465000e-02	1.601701e-01
7.466000e-02	1.229878e-01
7.467000e-02	7.672349e-02
7.468000e-02	1.412154e-02
7.469000e-02	-5.202766e-02
7.470000e-02	-9.986616e-02
7.471000e-02	-1.222770e-01
7.472000e-02	-1.347050e-01
7.473000e-02	-1.563229e-01
7.474000e-02	-1.854818e-01
7.475000e-02	-1.980092e-01
7.476000e-02	-1.712409e-01
7.477000e-02	-1.075290e-01
7.478000e-02	-3.189763e-02
7.479000e-02	3.238008e-02
7.480000e-02	8.326953e-02
7.481000e-02	1.357379e-01
7.482000e-02	2.028566e-01
7.483000e-02	2.854594e-01
7.484000e-02	3.791932e-01
7.485000e-02	4.846438e-01
7.486000e-02	6.032121e-01
7.487000e-02	7.217186e-01
7.488000e-02	8.068092e-01
7.489000e-02	8.230093e-01
7.490000e-02	7.624393e-01
7.491000e-02	6.584461e-01
7.492000e-02	5.677218e-01
7.493000e-02	5.337194e-01
7.494000e-02	5.603026e-01
7.495000e-02	6.144743e-01
7.496000e-02	6.527104e-01
7.497000e-02	6.494792e-01
7.498000e-02	6.094178e-01
7.499000e-02	5.589147e-01
7.500000e-02	5.254528e-01
7.501000e-02	5.179333e-01
7.502000e-02	5.194661e-01
7.503000e-02	4.975980e-01
7.504000e-02	4.267185e-01
7.505000e-02	3.079632e-01
7.506000e-02	1.714610e-01
7.507000e-02	5.774075e-02
7.508000e-02	-8.521392e-03
7.509000e-02	-3.277542e-02
7.510000e-02	-4.309843e-02
7.511000e-02	-6.843376e-02
7.512000e-02	-1.194974e-01
7.513000e-02	-1.842470e-01
7.514000e-02	-2.375254e-01
7.515000e-02	-2.563151e-01
7.516000e-02	-2.318888e-01
7.517000e-02	-1.738971e-01
7.518000e-02	-1.050511e-01
7.519000e-02	-4.891527e-02
7.520000e-02	-1.785821e-02
7.521000e-02	-9.485255e-03
7.522000e-02	-1.383339e-02
7.523000e-02	-2.390954e-02
7.524000e-02	-3.902609e-02
7.525000e-02	-5.871589e-02
7.526000e-02	-7.625907e-02
7.527000e-02	-8.141190e-02
7.528000e-02	-6.999681e-02
7.529000e-02	-4.780529e-02
7.530000e-02	-2.174612e-02
7.531000e-02	1.235223e-02
7.532000e-02	6.849306e-02
7.533000e-02	1.524881e-01
7.534000e-02	2.450781e-01
7.535000e-02	3.078861e-01
7.536000e-02	3.121928e-01
7.537000e-02	2.646744e-01
7.538000e-02	2.032287e-01
7.539000e-02	1.639362e-01
7.540000e-02	1.496296e-01
7.541000e-02	1.306289e-01
7.542000e-02	7.752574e-02
7.543000e-02	-5.439604e-03
7.544000e-02	-7.889123e-02
7.545000e-02	-1.010110e-01
7.546000e-02	-6.443322e-02
7.547000e-02	-3.263024e-03
7.548000e-02	3.664362e-02
7.549000e-02	3.777707e-02
7.550000e-02	2.559143e-02
7.551000e-02	4.408710e-02
7.552000e-02	1.132301e-01
7.553000e-02	2.056154e-01
7.554000e-02	2.637455e-01
7.555000e-02	2.442351e-01
7.556000e-02	1.518550e-01
7.557000e-02	3.548672e-02
7.558000e-02	-4.860965e-02
7.559000e-02	-7.391200e-02
7.560000e-02	-5.236424e-02
7.561000e-02	-1.415254e-02
7.562000e-02	1.796671e-02
7.563000e-02	3.816782e-02
7.564000e-02	5.034017e-02
7.565000e-02	5.874150e-02
7.566000e-02	6.614784e-02
7.567000e-02	7.514857e-02
7.568000e-02	8.496481e-02
7.569000e-02	8.642397e-02
7.570000e-02	6.503655e-02
7.571000e-02	1.393599e-02
7.572000e-02	-5.580820e-02
7.573000e-02	-1.203944e-01
7.574000e-02	-1.600966e-01
7.575000e-02	-1.697625e-01
7.576000e-02	-1.527518e-01
7.577000e-02	-1.094254e-01
7.578000e-02	-3.913609e-02
7.579000e-02	4.338863e-02
7.580000e-02	9.953295e-02
7.581000e-02	8.590982e-02
7.582000e-02	-9.166244e-03
7.583000e-02	-1.465965e-01
7.584000e-02	-2.576994e-01
7.585000e-02	-2.898341e-01
7.586000e-02	-2.363391e-01
7.587000e-02	-1.276070e-01
7.588000e-02	8.128792e-04
7.589000e-02	1.288283e-01
7.590000e-02	2.467483e-01
7.591000e-02	3.417695e-01
7.592000e-02	3.990738e-01
7.593000e-02	4.166567e-01
7.594000e-02	4.115430e-01
7.595000e-02	4.039736e-01
7.596000e-02	3.947599e-01
7.597000e-02	3.632553e-01
7.598000e-02	2.921187e-01
7.599000e-02	1.935479e-01
7.600000e-02	1.068893e-01
7.601000e-02	6.674608e-02
7.602000e-02	7.248340e-02
7.603000e-02	8.962069e-02
7.604000e-02	8.154201e-02
7.605000e-02	4.050912e-02
7.606000e-02	-1.003240e-02
7.607000e-02	-4.008464e-02
7.608000e-02	-3.858267e-02
7.609000e-02	-1.772174e-02
7.610000e-02	2.011492e-03
7.611000e-02	7.459393e-03
7.612000e-02	-4.282330e-03
7.613000e-02	-3.189198e-02
7.614000e-02	-7.269122e-02
7.615000e-02	-1.179624e-01
7.616000e-02	-1.484839e-01
7.617000e-02	-1.395156e-01
7.618000e-02	-7.390042e-02
7.619000e-02	4.787690e-02
7.620000e-02	2.094164e-01
7.621000e-02	3.887070e-01
7.622000e-02	5.658142e-01
7.623000e-02	7.216762e-01
7.624000e-02	8.338209e-01
7.625000e-02	8.798217e-01
7.626000e-02	8.504747e-01
7.627000e-02	7.610615e-01
7.628000e-02	6.465569e-01
7.629000e-02	5.403726e-01
7.630000e-02	4.533995e-01
7.631000e-02	3.722871e-01
7.632000e-02	2.788706e-01
7.633000e-02	1.724108e-01
7.634000e-02	7.345615e-02
7.635000e-02	6.167445e-03
7.636000e-02	-2.311000e-02
7.637000e-02	-3.044453e-02
7.638000e-02	-3.900072e-02
7.639000e-02	-5.989493e-02
7.640000e-02	-8.690511e-02
7.641000e-02	-1.069184e-01
7.642000e-02	-1.128811e-01
7.643000e-02	-1.069577e-01
7.644000e-02	-9.509223e-02
7.645000e-02	-8.333250e-02
7.646000e-02	-8.086146e-02
7.647000e-02	-1.023941e-01
7.648000e-02	-1.596612e-01
7.649000e-02	-2.437832e-01
7.650000e-02	-3.152100e-01
7.651000e-02	-3.178537e-01
7.652000e-02	-2.149899e-01
7.653000e-02	-2.204820e-02
7.654000e-02	1.925615e-01
7.655000e-02	3.455175e-01
7.656000e-02	3.905956e-01
7.657000e-02	3.452045e-01
7.658000e-02	2.700364e-01
7.659000e-02	2.182080e-01
7.660000e-02	1.958745e-01
7.661000e-02	1.660677e-01
7.662000e-02	8.927150e-02
7.663000e-02	-3.751639e-02
7.664000e-02	-1.773287e-01
7.665000e-02	-2.841876e-01
7.666000e-02	-3.361173e-01
7.667000e-02	-3.409248e-01
7.668000e-02	-3.167161e-01
7.669000e-02	-2.735767e-01
7.670000e-02	-2.153473e-01
7.671000e-02	-1.529423e-01
7.672000e-02	-1.070225e-01
7.673000e-02	-9.346186e-02
7.674000e-02	-1.091203e-01
7.675000e-02	-1.369064e-01
7.676000e-02	-1.653725e-01
7.677000e-02	-1.988004e-01
7.678000e-02	-2.442980e-01
7.679000e-02	-2.914711e-01
7.680000e-02	-3.120267e-01
7.681000e-02	-2.847773e-01
7.682000e-02	-2.203784e-01
7.683000e-02	-1.570047e-01
7.684000e-02	-1.283805e-01
7.685000e-02	-1.353346e-01
7.686000e-02	-1.479566e-01
7.687000e-02	-1.332221e-01
7.688000e-02	-7.938603e-02
7.689000e-02	2.503050e-03
7.690000e-02	9.278836e-02
7.691000e-02	1.736800e-01
7.692000e-02	2.293015e-01
7.693000e-02	2.454165e-01
7.694000e-02	2.175221e-01
7.695000e-02	1.604566e-01
7.696000e-02	1.055973e-01
7.697000e-02	8.348128e-02
7.698000e-02	1.057351e-01
7.699000e-02	1.612213e-01
7.700000e-02	2.273507e-01
7.701000e-02	2.854526e-01
7.702000e-02	3.298370e-01
7.703000e-02	3.676056e-01
7.704000e-02	4.104038e-01
7.705000e-02	4.610402e-01
7.706000e-02	5.032116e-01
7.707000e-02	5.068833e-01
7.708000e-02	4.526747e-01
7.709000e-02	3.571312e-01
7.710000e-02	2.704294e-01
7.711000e-02	2.391517e-01
7.712000e-02	2.646565e-01
7.713000e-02	3.002168e-01
7.714000e-02	2.956928e-01
7.715000e-02	2.482772e-01
7.716000e-02	2.073720e-01
7.717000e-02	2.271252e-01
7.718000e-02	3.146889e-01
7.719000e-02	4.259272e-01
7.720000e-02	5.088713e-01
7.721000e-02	5.462790e-01
7.722000e-02	5.555916e-01
7.723000e-02	5.556643e-01
7.724000e-02	5.440603e-01
7.725000e-02	5.091773e-01
7.726000e-02	4.560342e-01
7.727000e-02	4.092546e-01
7.728000e-02	3.875871e-01
7.729000e-02	3.808604e-01
7.730000e-02	3.579880e-01
7.731000e-02	2.982588e-01
7.732000e-02	2.124717e-01
7.733000e-02	1.340836e-01
7.734000e-02	9.368391e-02
7.735000e-02	1.031109e-01
7.736000e-02	1.577780e-01
7.737000e-02	2.440976e-01
7.738000e-02	3.398168e-01
7.739000e-02	4.124260e-01
7.740000e-02	4.279614e-01
7.741000e-02	3.692280e-01
7.742000e-02	2.470161e-01
7.743000e-02	9.160447e-02
7.744000e-02	-6.859009e-02
7.745000e-02	-2.217394e-01
7.746000e-02	-3.691066e-01
7.747000e-02	-5.097547e-01
7.748000e-02	-6.288607e-01
7.749000e-02	-6.991134e-01
7.750000e-02	-6.936110e-01
7.751000e-02	-6.023772e-01
7.752000e-02	-4.435674e-01
7.753000e-02	-2.616534e-01
7.754000e-02	-1.097243e-01
7.755000e-02	-2.318225e-02
7.756000e-02	-1.367479e-03
7.757000e-02	-1.131626e-02
7.758000e-02	-1.234486e-02
7.759000e-02	1.595436e-02
7.760000e-02	6.187719e-02
7.761000e-02	9.265648e-02
7.762000e-02	7.936037e-02
7.763000e-02	1.922037e-02
7.764000e-02	-5.850127e-02
7.765000e-02	-1.081783e-01
7.766000e-02	-9.743189e-02
7.767000e-02	-3.101403e-02
7.768000e-02	5.154705e-02
7.769000e-02	1.068197e-01
7.770000e-02	1.225806e-01
7.771000e-02	1.245922e-01
7.772000e-02	1.469992e-01
7.773000e-02	1.952049e-01
7.774000e-02	2.398781e-01
7.775000e-02	2.491341e-01
7.776000e-02	2.248732e-01
7.777000e-02	2.042946e-01
7.778000e-02	2.252865e-01
7.779000e-02	2.927673e-01
7.780000e-02	3.794827e-01
7.781000e-02	4.554032e-01
7.782000e-02	5.111435e-01
7.783000e-02	5.534978e-01
7.784000e-02	5.856435e-01
7.785000e-02	5.983221e-01
7.786000e-02	5.789860e-01
7.787000e-02	5.227132e-01
7.788000e-02	4.312923e-01
7.789000e-02	3.073514e-01
7.790000e-02	1.574531e-01
7.791000e-02	1.627208e-03
7.792000e-02	-1.281847e-01
7.793000e-02	-2.073600e-01
7.794000e-02	-2.370653e-01
7.795000e-02	-2.388897e-01
7.796000e-02	-2.287047e-01
7.797000e-02	-1.990371e-01
7.798000e-02	-1.313322e-01
7.799000e-02	-2.455621e-02
7.800000e-02	9.365227e-02
7.801000e-02	1.876469e-01
7.802000e-02	2.445049e-01
7.803000e-02	2.826897e-01
7.804000e-02	3.321141e-01
7.805000e-02	4.085093e-01
7.806000e-02	5.053446e-01
7.807000e-02	6.029290e-01
7.808000e-02	6.786298e-01
7.809000e-02	7.103533e-01
7.810000e-02	6.804539e-01
7.811000e-02	5.860915e-01
7.812000e-02	4.476690e-01
7.813000e-02	3.021284e-01
7.814000e-02	1.821911e-01
7.815000e-02	9.889546e-02
7.816000e-02	4.222741e-02
7.817000e-02	-3.688768e-03
7.818000e-02	-4.657998e-02
7.819000e-02	-8.307078e-02
7.820000e-02	-1.037254e-01
7.821000e-02	-9.910854e-02
7.822000e-02	-6.491839e-02
7.823000e-02	-6.432378e-03
7.824000e-02	6.128960e-02
7.825000e-02	1.209910e-01
7.826000e-02	1.634389e-01
7.827000e-02	1.890156e-01
7.828000e-02	1.980210e-01
7.829000e-02	1.823098e-01
7.830000e-02	1.315864e-01
7.831000e-02	4.904626e-02
7.832000e-02	-4.389493e-02
7.833000e-02	-1.228985e-01
7.834000e-02	-1.789491e-01
7.835000e-02	-2.159435e-01
7.836000e-02	-2.299022e-01
7.837000e-02	-1.993375e-01
7.838000e-02	-1.065344e-01
7.839000e-02	3.073956e-02
7.840000e-02	1.585012e-01
7.841000e-02	2.277959e-01
7.842000e-02	2.382145e-01
7.843000e-02	2.347878e-01
7.844000e-02	2.583317e-01
7.845000e-02	3.024545e-01
7.846000e-02	3.245488e-01
7.847000e-02	2.974850e-01
7.848000e-02	2.427595e-01
7.849000e-02	2.076938e-01
7.850000e-02	2.130888e-01
7.851000e-02	2.298509e-01
7.852000e-02	2.087800e-01
7.853000e-02	1.292712e-01
7.854000e-02	1.643349e-02
7.855000e-02	-8.465722e-02
7.856000e-02	-1.437388e-01
7.857000e-02	-1.539935e-01
7.858000e-02	-1.158713e-01
7.859000e-02	-2.488464e-02
7.860000e-02	1.186745e-01
7.861000e-02	2.908155e-01
7.862000e-02	4.414491e-01
7.863000e-02	5.174446e-01
7.864000e-02	4.947176e-01
7.865000e-02	3.944138e-01
7.866000e-02	2.708432e-01
7.867000e-02	1.788601e-01
7.868000e-02	1.417655e-01
7.869000e-02	1.409835e-01
7.870000e-02	1.350385e-01
7.871000e-02	9.402413e-02
7.872000e-02	2.227514e-02
7.873000e-02	-4.901876e-02
7.874000e-02	-9.046985e-02
7.875000e-02	-9.630653e-02
7.876000e-02	-8.081997e-02
7.877000e-02	-5.941855e-02
7.878000e-02	-3.889386e-02
7.879000e-02	-2.545343e-02
7.880000e-02	-3.353557e-02
7.881000e-02	-7.707397e-02
7.882000e-02	-1.504149e-01
7.883000e-02	-2.248958e-01
7.884000e-02	-2.718815e-01
7.885000e-02	-2.900135e-01
7.886000e-02	-3.052719e-01
7.887000e-02	-3.415555e-01
7.888000e-02	-3.934460e-01
7.889000e-02	-4.305672e-01
7.890000e-02	-4.269247e-01
7.891000e-02	-3.821453e-01
7.892000e-02	-3.149663e-01
7.893000e-02	-2.432657e-01
7.894000e-02	-1.765146e-01
7.895000e-02	-1.241624e-01
7.896000e-02	-9.966514e-02
7.897000e-02	-1.071643e-01
7.898000e-02	-1.260014e-01
7.899000e-02	-1.181825e-01
7.900000e-02	-5.933089e-02
7.901000e-02	3.660456e-02
7.902000e-02	1.264423e-01
7.903000e-02	1.738945e-01
7.904000e-02	1.780739e-01
7.905000e-02	1.686688e-01
7.906000e-02	1.757916e-01
7.907000e-02	2.039785e-01
7.908000e-02	2.305396e-01
7.909000e-02	2.243836e-01
7.910000e-02	1.681160e-01
7.911000e-02	6.994786e-02
7.912000e-02	-3.896299e-02
7.913000e-02	-1.202824e-01
7.914000e-02	-1.506573e-01
7.915000e-02	-1.370275e-01
7.916000e-02	-1.120492e-01
7.917000e-02	-1.100829e-01
7.918000e-02	-1.417306e-01
7.919000e-02	-1.878503e-01
7.920000e-02	-2.168818e-01
7.921000e-02	-2.089001e-01
7.922000e-02	-1.665115e-01
7.923000e-02	-1.075055e-01
7.924000e-02	-4.960349e-02
7.925000e-02	1.884403e-04
7.926000e-02	4.668990e-02
7.927000e-02	9.952716e-02
7.928000e-02	1.617838e-01
7.929000e-02	2.210983e-01
7.930000e-02	2.524293e-01
7.931000e-02	2.355753e-01
7.932000e-02	1.757268e-01
7.933000e-02	1.071796e-01
7.934000e-02	7.289068e-02
7.935000e-02	9.666795e-02
7.936000e-02	1.735264e-01
7.937000e-02	2.844296e-01
7.938000e-02	4.148998e-01
7.939000e-02	5.547463e-01
7.940000e-02	6.822216e-01
7.941000e-02	7.588505e-01
7.942000e-02	7.514287e-01
7.943000e-02	6.645102e-01
7.944000e-02	5.487584e-01
7.945000e-02	4.704076e-01
7.946000e-02	4.647162e-01
7.947000e-02	5.122879e-01
7.948000e-02	5.565833e-01
7.949000e-02	5.463689e-01
7.950000e-02	4.701871e-01
7.951000e-02	3.606118e-01
7.952000e-02	2.693763e-01
7.953000e-02	2.323449e-01
7.954000e-02	2.478557e-01
7.955000e-02	2.827437e-01
7.956000e-02	3.008849e-01
7.957000e-02	2.908420e-01
7.958000e-02	2.690842e-01
7.959000e-02	2.580744e-01
7.960000e-02	2.638713e-01
7.961000e-02	2.771544e-01
7.962000e-02	2.927540e-01
7.963000e-02	3.189765e-01
7.964000e-02	3.604634e-01
7.965000e-02	3.948555e-01
7.966000e-02	3.782790e-01
7.967000e-02	2.841395e-01
7.968000e-02	1.368311e-01
7.969000e-02	1.540033e-04
7.970000e-02	-7.317231e-02
7.971000e-02	-8.164541e-02
7.972000e-02	-6.686458e-02
7.973000e-02	-7.149653e-02
7.974000e-02	-1.092241e-01
7.975000e-02	-1.693939e-01
7.976000e-02	-2.352435e-01
7.977000e-02	-2.865857e-01
7.978000e-02	-2.913862e-01
7.979000e-02	-2.151809e-01
7.980000e-02	-5.492189e-02
7.981000e-02	1.376148e-01
7.982000e-02	2.795557e-01
7.983000e-02	3.156769e-01
7.984000e-02	2.568250e-01
7.985000e-02	1.600562e-01
7.986000e-02	7.373418e-02
7.987000e-02	5.298856e-03
7.988000e-02	-6.140035e-02
7.989000e-02	-1.290811e-01
7.990000e-02	-1.760641e-01
7.991000e-02	-1.792026e-01
7.992000e-02	-1.385013e-01
7.993000e-02	-7.628512e-02
7.994000e-02	-1.961047e-02
7.995000e-02	9.218806e-03
7.996000e-02	-9.812850e-03
7.997000e-02	-8.977622e-02
7.998000e-02	-2.169338e-01
7.999000e-02	-3.379176e-01
8.000000e-02	-3.806884e-01
8.001000e-02	-3.017107e-01
8.002000e-02	-1.185604e-01
8.003000e-02	1.024517e-01
8.004000e-02	2.901496e-01
8.005000e-02	4.033569e-01
8.006000e-02	4.340737e-01
8.007000e-02	3.922462e-01
8.008000e-02	2.959931e-01
8.009000e-02	1.709144e-01
8.010000e-02	4.483616e-02
8.011000e-02	-6.625629e-02
8.012000e-02	-1.663743e-01
8.013000e-02	-2.689873e-01
8.014000e-02	-3.774247e-01
8.015000e-02	-4.779910e-01
8.016000e-02	-5.518718e-01
8.017000e-02	-5.889578e-01
8.018000e-02	-5.870122e-01
8.019000e-02	-5.416345e-01
8.020000e-02	-4.452218e-01
8.021000e-02	-2.992696e-01
8.022000e-02	-1.240117e-01
8.023000e-02	4.850485e-02
8.024000e-02	1.902966e-01
8.025000e-02	2.843560e-01
8.026000e-02	3.200472e-01
8.027000e-02	2.923807e-01
8.028000e-02	2.131358e-01
8.029000e-02	1.179962e-01
8.030000e-02	5.007660e-02
8.031000e-02	2.845087e-02
8.032000e-02	3.580682e-02
8.033000e-02	4.357078e-02
8.034000e-02	4.847493e-02
8.035000e-02	7.628559e-02
8.036000e-02	1.444440e-01
8.037000e-02	2.262933e-01
8.038000e-02	2.625957e-01
8.039000e-02	2.134677e-01
8.040000e-02	9.632541e-02
8.041000e-02	-3.025855e-02
8.042000e-02	-1.174105e-01
8.043000e-02	-1.574053e-01
8.044000e-02	-1.696541e-01
8.045000e-02	-1.680944e-01
8.046000e-02	-1.507494e-01
8.047000e-02	-1.161553e-01
8.048000e-02	-7.616683e-02
8.049000e-02	-4.459078e-02
8.050000e-02	-1.849190e-02
8.051000e-02	1.874965e-02
8.052000e-02	7.323624e-02
8.053000e-02	1.270216e-01
8.054000e-02	1.565397e-01
8.055000e-02	1.634751e-01
8.056000e-02	1.795284e-01
8.057000e-02	2.351274e-01
8.058000e-02	3.246488e-01
8.059000e-02	4.058955e-01
8.060000e-02	4.337218e-01
8.061000e-02	3.920671e-01
8.062000e-02	2.950824e-01
8.063000e-02	1.647094e-01
8.064000e-02	1.420940e-02
8.065000e-02	-1.474646e-01
8.066000e-02	-3.037961e-01
8.067000e-02	-4.314559e-01
8.068000e-02	-5.148056e-01
8.069000e-02	-5.572021e-01
8.070000e-02	-5.763149e-01
8.071000e-02	-5.889203e-01
8.072000e-02	-6.001511e-01
8.073000e-02	-6.046096e-01
8.074000e-02	-5.944888e-01
8.075000e-02	-5.666580e-01
8.076000e-02	-5.257417e-01
8.077000e-02	-4.839636e-01
8.078000e-02	-4.575496e-01
8.079000e-02	-4.590364e-01
8.080000e-02	-4.885704e-01
8.081000e-02	-5.310327e-01
8.082000e-02	-5.636159e-01
8.083000e-02	-5.708416e-01
8.084000e-02	-5.572669e-01
8.085000e-02	-5.476707e-01
8.086000e-02	-5.712751e-01
8.087000e-02	-6.378680e-01
8.088000e-02	-7.232639e-01
8.089000e-02	-7.799283e-01
8.090000e-02	-7.709248e-01
8.091000e-02	-7.021694e-01
8.092000e-02	-6.224963e-01
8.093000e-02	-5.859265e-01
8.094000e-02	-6.072086e-01
8.095000e-02	-6.523378e-01
8.096000e-02	-6.738893e-01
8.097000e-02	-6.559677e-01
8.098000e-02	-6.236548e-01
8.099000e-02	-6.100289e-01
8.100000e-02	-6.192369e-01
8.101000e-02	-6.259993e-01
8.102000e-02	-6.085797e-01
8.103000e-02	-5.742916e-01
8.104000e-02	-5.480317e-01
8.105000e-02	-5.401899e-01
8.106000e-02	-5.347089e-01
8.107000e-02	-5.117710e-01
8.108000e-02	-4.752918e-01
8.109000e-02	-4.480203e-01
8.110000e-02	-4.366719e-01
8.111000e-02	-4.088710e-01
8.112000e-02	-3.146564e-01
8.113000e-02	-1.364555e-01
8.114000e-02	8.223270e-02
8.115000e-02	2.601104e-01
8.116000e-02	3.335019e-01
8.117000e-02	2.957285e-01
8.118000e-02	1.916798e-01
8.119000e-02	8.069302e-02
8.120000e-02	2.394286e-03
8.121000e-02	-3.285785e-02
8.122000e-02	-3.334672e-02
8.123000e-02	-1.203642e-02
8.124000e-02	1.999023e-02
8.125000e-02	5.325377e-02
8.126000e-02	7.829536e-02
8.127000e-02	8.669680e-02
8.128000e-02	7.481875e-02
8.129000e-02	4.682254e-02
8.130000e-02	1.218026e-02
8.131000e-02	-2.321222e-02
8.132000e-02	-6.511385e-02
8.133000e-02	-1.275373e-01
8.134000e-02	-2.162170e-01
8.135000e-02	-3.128110e-01
8.136000e-02	-3.781326e-01
8.137000e-02	-3.768502e-01
8.138000e-02	-3.036838e-01
8.139000e-02	-1.866600e-01
8.140000e-02	-6.378919e-02
8.141000e-02	4.490236e-02
8.142000e-02	1.445339e-01
8.143000e-02	2.481628e-01
8.144000e-02	3.553839e-01
8.145000e-02	4.485084e-01
8.146000e-02	5.083508e-01
8.147000e-02	5.325339e-01
8.148000e-02	5.386937e-01
8.149000e-02	5.503257e-01
8.150000e-02	5.780108e-01
8.151000e-02	6.114661e-01
8.152000e-02	6.286632e-01
8.153000e-02	6.150756e-01
8.154000e-02	5.775738e-01
8.155000e-02	5.400129e-01
8.156000e-02	5.218473e-01
8.157000e-02	5.176804e-01
8.158000e-02	4.984301e-01
8.159000e-02	4.366814e-01
8.160000e-02	3.341530e-01
8.161000e-02	2.237538e-01
8.162000e-02	1.418919e-01
8.163000e-02	9.710104e-02
8.164000e-02	6.633453e-02
8.165000e-02	2.295058e-02
8.166000e-02	-3.170041e-02
8.167000e-02	-6.446978e-02
8.168000e-02	-3.767084e-02
8.169000e-02	5.852923e-02
8.170000e-02	1.962822e-01
8.171000e-02	3.276103e-01
8.172000e-02	4.127623e-01
8.173000e-02	4.405176e-01
8.174000e-02	4.320663e-01
8.175000e-02	4.286226e-01
8.176000e-02	4.670026e-01
8.177000e-02	5.539045e-01
8.178000e-02	6.567098e-01
8.179000e-02	7.230031e-01
8.180000e-02	7.184218e-01
8.181000e-02	6.521392e-01
8.182000e-02	5.664725e-01
8.183000e-02	5.003084e-01
8.184000e-02	4.620802e-01
8.185000e-02	4.373024e-01
8.186000e-02	4.181529e-01
8.187000e-02	4.194721e-01
8.188000e-02	4.625982e-01
8.189000e-02	5.459196e-01
8.190000e-02	6.362199e-01
8.191000e-02	6.915492e-01
8.192000e-02	6.921933e-01
8.193000e-02	6.494157e-01
8.194000e-02	5.870198e-01
8.195000e-02	5.178739e-01
8.196000e-02	4.379695e-01
8.197000e-02	3.388355e-01
8.198000e-02	2.220453e-01
8.199000e-02	1.027305e-01
8.200000e-02	2.653938e-03
8.201000e-02	-5.977865e-02
8.202000e-02	-7.794929e-02
8.203000e-02	-6.186399e-02
8.204000e-02	-3.553812e-02
8.205000e-02	-2.416896e-02
8.206000e-02	-3.724826e-02
8.207000e-02	-6.157104e-02
8.208000e-02	-7.216413e-02
8.209000e-02	-5.227729e-02
8.210000e-02	-4.220402e-03
8.211000e-02	5.702125e-02
8.212000e-02	1.168819e-01
8.213000e-02	1.654287e-01
8.214000e-02	1.911189e-01
8.215000e-02	1.774182e-01
8.216000e-02	1.121104e-01
8.217000e-02	1.563993e-03
8.218000e-02	-1.267560e-01
8.219000e-02	-2.384536e-01
8.220000e-02	-3.094790e-01
8.221000e-02	-3.305630e-01
8.222000e-02	-2.992518e-01
8.223000e-02	-2.144004e-01
8.224000e-02	-8.242057e-02
8.225000e-02	7.346388e-02
8.226000e-02	2.167380e-01
8.227000e-02	3.159119e-01
8.228000e-02	3.614253e-01
8.229000e-02	3.647180e-01
8.230000e-02	3.418548e-01
8.231000e-02	3.002522e-01
8.232000e-02	2.421425e-01
8.233000e-02	1.786024e-01
8.234000e-02	1.358787e-01
8.235000e-02	1.440732e-01
8.236000e-02	2.166994e-01
8.237000e-02	3.385073e-01
8.238000e-02	4.710429e-01
8.239000e-02	5.710012e-01
8.240000e-02	6.092208e-01
8.241000e-02	5.811060e-01
8.242000e-02	5.056724e-01
8.243000e-02	4.147657e-01
8.244000e-02	3.369237e-01
8.245000e-02	2.834956e-01
8.246000e-02	2.453404e-01
8.247000e-02	2.028328e-01
8.248000e-02	1.421202e-01
8.249000e-02	6.513155e-02
8.250000e-02	-1.401076e-02
8.251000e-02	-8.160267e-02
8.252000e-02	-1.339095e-01
8.253000e-02	-1.757946e-01
8.254000e-02	-2.121360e-01
8.255000e-02	-2.427362e-01
8.256000e-02	-2.664747e-01
8.257000e-02	-2.887307e-01
8.258000e-02	-3.205935e-01
8.259000e-02	-3.664990e-01
8.260000e-02	-4.114880e-01
8.261000e-02	-4.242003e-01
8.262000e-02	-3.787433e-01
8.263000e-02	-2.783223e-01
8.264000e-02	-1.573236e-01
8.265000e-02	-5.619863e-02
8.266000e-02	1.002505e-02
8.267000e-02	6.066548e-02
8.268000e-02	1.276650e-01
8.269000e-02	2.250851e-01
8.270000e-02	3.393898e-01
8.271000e-02	4.469781e-01
8.272000e-02	5.365967e-01
8.273000e-02	6.115503e-01
8.274000e-02	6.724366e-01
8.275000e-02	7.049338e-01
8.276000e-02	6.906610e-01
8.277000e-02	6.298380e-01
8.278000e-02	5.477363e-01
8.279000e-02	4.740466e-01
8.280000e-02	4.162578e-01
8.281000e-02	3.569691e-01
8.282000e-02	2.789153e-01
8.283000e-02	1.897558e-01
8.284000e-02	1.182397e-01
8.285000e-02	8.527342e-02
8.286000e-02	8.136197e-02
8.287000e-02	7.435203e-02
8.288000e-02	3.784085e-02
8.289000e-02	-3.044839e-02
8.290000e-02	-1.170428e-01
8.291000e-02	-2.137396e-01
8.292000e-02	-3.252900e-01
8.293000e-02	-4.563977e-01
8.294000e-02	-5.958308e-01
8.295000e-02	-7.178466e-01
8.296000e-02	-7.999929e-01
8.297000e-02	-8.378088e-01
8.298000e-02	-8.417635e-01
8.299000e-02	-8.223619e-01
8.300000e-02	-7.811732e-01
8.301000e-02	-7.165094e-01
8.302000e-02	-6.349749e-01
8.303000e-02	-5.542255e-01
8.304000e-02	-4.928329e-01
8.305000e-02	-4.567819e-01
8.306000e-02	-4.345529e-01
8.307000e-02	-4.038828e-01
8.308000e-02	-3.441433e-01
8.309000e-02	-2.468368e-01
8.310000e-02	-1.207117e-01
8.311000e-02	9.101473e-03
8.312000e-02	1.084687e-01
8.313000e-02	1.476420e-01
8.314000e-02	1.157635e-01
8.315000e-02	2.757301e-02
8.316000e-02	-8.415823e-02
8.317000e-02	-1.873378e-01
8.318000e-02	-2.676987e-01
8.319000e-02	-3.313346e-01
8.320000e-02	-3.906078e-01
8.321000e-02	-4.455204e-01
8.322000e-02	-4.773921e-01
8.323000e-02	-4.616858e-01
8.324000e-02	-3.897801e-01
8.325000e-02	-2.804850e-01
8.326000e-02	-1.699774e-01
8.327000e-02	-8.723219e-02
8.328000e-02	-3.454152e-02
8.329000e-02	1.178884e-02
8.330000e-02	8.236067e-02
8.331000e-02	1.928152e-01
8.332000e-02	3.343963e-01
8.333000e-02	4.804874e-01
8.334000e-02	6.014945e-01
8.335000e-02	6.779534e-01
8.336000e-02	7.062769e-01
8.337000e-02	6.967547e-01
8.338000e-02	6.660656e-01
8.339000e-02	6.279687e-01
8.340000e-02	5.870714e-01
8.341000e-02	5.398321e-01
8.342000e-02	4.826469e-01
8.343000e-02	4.213280e-01
8.344000e-02	3.742893e-01
8.345000e-02	3.655283e-01
8.346000e-02	4.103597e-01
8.347000e-02	5.021259e-01
8.348000e-02	6.087632e-01
8.349000e-02	6.836661e-01
8.350000e-02	6.871571e-01
8.351000e-02	6.068735e-01
8.352000e-02	4.636359e-01
8.353000e-02	2.977871e-01
8.354000e-02	1.452549e-01
8.355000e-02	2.089642e-02
8.356000e-02	-7.965748e-02
8.357000e-02	-1.646471e-01
8.358000e-02	-2.331876e-01
8.359000e-02	-2.758085e-01
8.360000e-02	-2.851906e-01
8.361000e-02	-2.647111e-01
8.362000e-02	-2.267854e-01
8.363000e-02	-1.839192e-01
8.364000e-02	-1.408459e-01
8.365000e-02	-9.291600e-02
8.366000e-02	-3.053382e-02
8.367000e-02	5.261924e-02
8.368000e-02	1.506379e-01
8.369000e-02	2.415115e-01
8.370000e-02	2.950990e-01
8.371000e-02	2.926990e-01
8.372000e-02	2.456857e-01
8.373000e-02	1.963442e-01
8.374000e-02	1.961460e-01
8.375000e-02	2.758776e-01
8.376000e-02	4.289982e-01
8.377000e-02	6.172067e-01
8.378000e-02	7.893533e-01
8.379000e-02	8.998411e-01
8.380000e-02	9.213623e-01
8.381000e-02	8.537162e-01
8.382000e-02	7.262317e-01
8.383000e-02	5.860518e-01
8.384000e-02	4.726519e-01
8.385000e-02	3.957235e-01
8.386000e-02	3.369502e-01
8.387000e-02	2.756313e-01
8.388000e-02	2.129843e-01
8.389000e-02	1.701045e-01
8.390000e-02	1.630253e-01
8.391000e-02	1.838388e-01
8.392000e-02	2.092762e-01
8.393000e-02	2.256852e-01
8.394000e-02	2.403673e-01
8.395000e-02	2.665063e-01
8.396000e-02	3.014610e-01
8.397000e-02	3.263316e-01
8.398000e-02	3.284066e-01
8.399000e-02	3.193660e-01
8.400000e-02	3.260314e-01
8.401000e-02	3.625530e-01
8.402000e-02	4.148972e-01
8.403000e-02	4.545604e-01
8.404000e-02	4.655248e-01
8.405000e-02	4.548590e-01
8.406000e-02	4.372954e-01
8.407000e-02	4.131289e-01
8.408000e-02	3.644917e-01
8.409000e-02	2.738787e-01
8.410000e-02	1.461239e-01
8.411000e-02	1.361981e-02
8.412000e-02	-7.865142e-02
8.413000e-02	-9.633199e-02
8.414000e-02	-3.305246e-02
8.415000e-02	8.552212e-02
8.416000e-02	2.117101e-01
8.417000e-02	2.955290e-01
8.418000e-02	3.046815e-01
8.419000e-02	2.337732e-01
8.420000e-02	9.873184e-02
8.421000e-02	-7.562451e-02
8.422000e-02	-2.624621e-01
8.423000e-02	-4.313869e-01
8.424000e-02	-5.488211e-01
8.425000e-02	-5.904494e-01
8.426000e-02	-5.599241e-01
8.427000e-02	-4.942928e-01
8.428000e-02	-4.437340e-01
8.429000e-02	-4.372886e-01
8.430000e-02	-4.627048e-01
8.431000e-02	-4.783122e-01
8.432000e-02	-4.463905e-01
8.433000e-02	-3.587283e-01
8.434000e-02	-2.343970e-01
8.435000e-02	-9.721939e-02
8.436000e-02	4.163123e-02
8.437000e-02	1.790903e-01
8.438000e-02	3.021338e-01
8.439000e-02	3.802252e-01
8.440000e-02	3.821634e-01
8.441000e-02	3.050737e-01
8.442000e-02	1.874531e-01
8.443000e-02	8.979691e-02
8.444000e-02	5.580376e-02
8.445000e-02	8.639357e-02
8.446000e-02	1.483263e-01
8.447000e-02	2.082472e-01
8.448000e-02	2.610022e-01
8.449000e-02	3.285884e-01
8.450000e-02	4.342459e-01
8.451000e-02	5.768307e-01
8.452000e-02	7.259880e-01
8.453000e-02	8.378454e-01
8.454000e-02	8.764042e-01
8.455000e-02	8.277857e-01
8.456000e-02	7.038400e-01
8.457000e-02	5.361859e-01
8.458000e-02	3.621000e-01
8.459000e-02	2.075569e-01
8.460000e-02	7.873905e-02
8.461000e-02	-2.990624e-02
8.462000e-02	-1.185881e-01
8.463000e-02	-1.756703e-01
8.464000e-02	-1.918387e-01
8.465000e-02	-1.800653e-01
8.466000e-02	-1.750380e-01
8.467000e-02	-2.057399e-01
8.468000e-02	-2.670315e-01
8.469000e-02	-3.221706e-01
8.470000e-02	-3.370190e-01
8.471000e-02	-3.114943e-01
8.472000e-02	-2.757723e-01
8.473000e-02	-2.572526e-01
8.474000e-02	-2.556704e-01
8.475000e-02	-2.520485e-01
8.476000e-02	-2.371178e-01
8.477000e-02	-2.239200e-01
8.478000e-02	-2.308298e-01
8.479000e-02	-2.573919e-01
8.480000e-02	-2.824865e-01
8.481000e-02	-2.858672e-01
8.482000e-02	-2.664479e-01
8.483000e-02	-2.368982e-01
8.484000e-02	-2.042535e-01
8.485000e-02	-1.622818e-01
8.486000e-02	-1.049236e-01
8.487000e-02	-4.328461e-02
8.488000e-02	-4.347326e-03
8.489000e-02	-1.139852e-02
8.490000e-02	-6.683629e-02
8.491000e-02	-1.542325e-01
8.492000e-02	-2.552111e-01
8.493000e-02	-3.629279e-01
8.494000e-02	-4.803574e-01
8.495000e-02	-6.075993e-01
8.496000e-02	-7.309515e-01
8.497000e-02	-8.229093e-01
8.498000e-02	-8.536100e-01
8.499000e-02	-8.072183e-01
8.500000e-02	-6.930847e-01
8.501000e-02	-5.428742e-01
8.502000e-02	-3.935861e-01
8.503000e-02	-2.683527e-01
8.504000e-02	-1.704452e-01
8.505000e-02	-9.425801e-02
8.506000e-02	-4.015908e-02
8.507000e-02	-1.658358e-02
8.508000e-02	-2.780080e-02
8.509000e-02	-6.275260e-02
8.510000e-02	-9.939135e-02
8.511000e-02	-1.211425e-01
8.512000e-02	-1.285381e-01
8.513000e-02	-1.350670e-01
8.514000e-02	-1.534240e-01
8.515000e-02	-1.862339e-01
8.516000e-02	-2.270975e-01
8.517000e-02	-2.663180e-01
8.518000e-02	-2.946102e-01
8.519000e-02	-3.049070e-01
8.520000e-02	-2.950607e-01
8.521000e-02	-2.698288e-01
8.522000e-02	-2.382187e-01
8.523000e-02	-2.077085e-01
8.524000e-02	-1.822665e-01
8.525000e-02	-1.667063e-01
8.526000e-02	-1.701418e-01
8.527000e-02	-2.004975e-01
8.528000e-02	-2.536781e-01
8.529000e-02	-3.103689e-01
8.530000e-02	-3.465077e-01
8.531000e-02	-3.475725e-01
8.532000e-02	-3.126767e-01
8.533000e-02	-2.480766e-01
8.534000e-02	-1.626634e-01
8.535000e-02	-7.190266e-02
8.536000e-02	2.302795e-04
8.537000e-02	3.385995e-02
8.538000e-02	3.302417e-02
8.539000e-02	2.860332e-02
8.540000e-02	5.300470e-02
8.541000e-02	1.074972e-01
8.542000e-02	1.562576e-01
8.543000e-02	1.556667e-01
8.544000e-02	9.023669e-02
8.545000e-02	-1.925462e-02
8.546000e-02	-1.381008e-01
8.547000e-02	-2.422878e-01
8.548000e-02	-3.223284e-01
8.549000e-02	-3.732689e-01
8.550000e-02	-3.922897e-01
8.551000e-02	-3.877896e-01
8.552000e-02	-3.818572e-01
8.553000e-02	-3.941411e-01
8.554000e-02	-4.220132e-01
8.555000e-02	-4.419011e-01
8.556000e-02	-4.332282e-01
8.557000e-02	-3.981960e-01
8.558000e-02	-3.548895e-01
8.559000e-02	-3.139878e-01
8.560000e-02	-2.693102e-01
8.561000e-02	-2.139279e-01
8.562000e-02	-1.602807e-01
8.563000e-02	-1.371636e-01
8.564000e-02	-1.651934e-01
8.565000e-02	-2.383546e-01
8.566000e-02	-3.303170e-01
8.567000e-02	-4.140173e-01
8.568000e-02	-4.711743e-01
8.569000e-02	-4.879422e-01
8.570000e-02	-4.543573e-01
8.571000e-02	-3.777390e-01
8.572000e-02	-2.938200e-01
8.573000e-02	-2.520754e-01
8.574000e-02	-2.783589e-01
8.575000e-02	-3.484374e-01
8.576000e-02	-4.017194e-01
8.577000e-02	-3.866610e-01
8.578000e-02	-2.985322e-01
8.579000e-02	-1.786833e-01
8.580000e-02	-8.077985e-02
8.581000e-02	-3.547958e-02
8.582000e-02	-3.924581e-02
8.583000e-02	-6.830854e-02
8.584000e-02	-1.007508e-01
8.585000e-02	-1.292112e-01
8.586000e-02	-1.574583e-01
8.587000e-02	-1.866548e-01
8.588000e-02	-2.053675e-01
8.589000e-02	-1.953607e-01
8.590000e-02	-1.503651e-01
8.591000e-02	-8.817461e-02
8.592000e-02	-3.790867e-02
8.593000e-02	-9.711817e-03
8.594000e-02	2.101078e-02
8.595000e-02	9.104864e-02
8.596000e-02	2.051094e-01
8.597000e-02	3.161819e-01
8.598000e-02	3.576524e-01
8.599000e-02	3.008848e-01
8.600000e-02	1.821911e-01
8.601000e-02	7.246954e-02
8.602000e-02	2.078047e-02
8.603000e-02	2.631799e-02
8.604000e-02	5.829209e-02
8.605000e-02	9.267572e-02
8.606000e-02	1.249410e-01
8.607000e-02	1.535599e-01
8.608000e-02	1.630846e-01
8.609000e-02	1.298171e-01
8.610000e-02	4.165009e-02
8.611000e-02	-9.135724e-02
8.612000e-02	-2.432525e-01
8.613000e-02	-3.828330e-01
8.614000e-02	-4.787925e-01
8.615000e-02	-5.056785e-01
8.616000e-02	-4.582359e-01
8.617000e-02	-3.637297e-01
8.618000e-02	-2.722746e-01
8.619000e-02	-2.243268e-01
8.620000e-02	-2.229481e-01
8.621000e-02	-2.389351e-01
8.622000e-02	-2.436305e-01
8.623000e-02	-2.344169e-01
8.624000e-02	-2.273989e-01
8.625000e-02	-2.300144e-01
8.626000e-02	-2.281918e-01
8.627000e-02	-2.032176e-01
8.628000e-02	-1.572920e-01
8.629000e-02	-1.168290e-01
8.630000e-02	-1.088093e-01
8.631000e-02	-1.356299e-01
8.632000e-02	-1.741385e-01
8.633000e-02	-1.978561e-01
8.634000e-02	-1.992809e-01
8.635000e-02	-1.930418e-01
8.636000e-02	-2.011980e-01
8.637000e-02	-2.359631e-01
8.638000e-02	-2.924907e-01
8.639000e-02	-3.533896e-01
8.640000e-02	-3.988193e-01
8.641000e-02	-4.146484e-01
8.642000e-02	-3.942221e-01
8.643000e-02	-3.349638e-01
8.644000e-02	-2.362418e-01
8.645000e-02	-1.038180e-01
8.646000e-02	4.278808e-02
8.647000e-02	1.713841e-01
8.648000e-02	2.526208e-01
8.649000e-02	2.797539e-01
8.650000e-02	2.737400e-01
8.651000e-02	2.667576e-01
8.652000e-02	2.790841e-01
8.653000e-02	3.108737e-01
8.654000e-02	3.530434e-01
8.655000e-02	4.004714e-01
8.656000e-02	4.513234e-01
8.657000e-02	4.968967e-01
8.658000e-02	5.199246e-01
8.659000e-02	5.080382e-01
8.660000e-02	4.677520e-01
8.661000e-02	4.212723e-01
8.662000e-02	3.884423e-01
8.663000e-02	3.738223e-01
8.664000e-02	3.715928e-01
8.665000e-02	3.784246e-01
8.666000e-02	3.960625e-01
8.667000e-02	4.214347e-01
8.668000e-02	4.405011e-01
8.669000e-02	4.376992e-01
8.670000e-02	4.112720e-01
8.671000e-02	3.749777e-01
8.672000e-02	3.426314e-01
8.673000e-02	3.135269e-01
8.674000e-02	2.758913e-01
8.675000e-02	2.229375e-01
8.676000e-02	1.608337e-01
8.677000e-02	9.956447e-02
8.678000e-02	4.072411e-02
8.679000e-02	-1.964297e-02
8.680000e-02	-7.571027e-02
8.681000e-02	-1.053431e-01
8.682000e-02	-8.546581e-02
8.683000e-02	-1.602242e-02
8.684000e-02	7.338202e-02
8.685000e-02	1.432460e-01
8.686000e-02	1.724319e-01
8.687000e-02	1.699611e-01
8.688000e-02	1.637503e-01
8.689000e-02	1.806601e-01
8.690000e-02	2.341101e-01
8.691000e-02	3.218858e-01
8.692000e-02	4.273995e-01
8.693000e-02	5.219392e-01
8.694000e-02	5.727810e-01
8.695000e-02	5.590082e-01
8.696000e-02	4.859054e-01
8.697000e-02	3.846783e-01
8.698000e-02	2.945768e-01
8.699000e-02	2.397073e-01
8.700000e-02	2.173889e-01
8.701000e-02	2.048001e-01
8.702000e-02	1.764942e-01
8.703000e-02	1.197848e-01
8.704000e-02	4.023370e-02
8.705000e-02	-4.221080e-02
8.706000e-02	-1.021142e-01
8.707000e-02	-1.193058e-01
8.708000e-02	-8.934242e-02
8.709000e-02	-2.951580e-02
8.710000e-02	2.588330e-02
8.711000e-02	4.365743e-02
8.712000e-02	1.525436e-02
8.713000e-02	-3.148289e-02
8.714000e-02	-4.629422e-02
8.715000e-02	8.460820e-03
8.716000e-02	1.267392e-01
8.717000e-02	2.586678e-01
8.718000e-02	3.451826e-01
8.719000e-02	3.610483e-01
8.720000e-02	3.305738e-01
8.721000e-02	3.028632e-01
8.722000e-02	3.084016e-01
8.723000e-02	3.341785e-01
8.724000e-02	3.369173e-01
8.725000e-02	2.807490e-01
8.726000e-02	1.669160e-01
8.727000e-02	3.294651e-02
8.728000e-02	-7.474663e-02
8.729000e-02	-1.311140e-01
8.730000e-02	-1.427190e-01
8.731000e-02	-1.329787e-01
8.732000e-02	-1.172673e-01
8.733000e-02	-8.988353e-02
8.734000e-02	-3.380103e-02
8.735000e-02	5.676749e-02
8.736000e-02	1.634623e-01
8.737000e-02	2.540111e-01
8.738000e-02	3.056419e-01
8.739000e-02	3.177094e-01
8.740000e-02	3.014707e-01
8.741000e-02	2.608754e-01
8.742000e-02	1.883871e-01
8.743000e-02	8.102807e-02
8.744000e-02	-4.420122e-02
8.745000e-02	-1.570992e-01
8.746000e-02	-2.376170e-01
8.747000e-02	-2.883783e-01
8.748000e-02	-3.213643e-01
8.749000e-02	-3.364618e-01
8.750000e-02	-3.207305e-01
8.751000e-02	-2.702857e-01
8.752000e-02	-2.046742e-01
8.753000e-02	-1.497270e-01
8.754000e-02	-1.055472e-01
8.755000e-02	-4.102577e-02
8.756000e-02	7.051073e-02
8.757000e-02	2.104809e-01
8.758000e-02	3.178211e-01
8.759000e-02	3.390813e-01
8.760000e-02	2.763331e-01
8.761000e-02	1.840606e-01
8.762000e-02	1.207541e-01
8.763000e-02	1.066171e-01
8.764000e-02	1.253028e-01
8.765000e-02	1.554931e-01
8.766000e-02	1.905029e-01
8.767000e-02	2.288280e-01
8.768000e-02	2.583669e-01
8.769000e-02	2.610229e-01
8.770000e-02	2.320650e-01
8.771000e-02	1.860975e-01
8.772000e-02	1.387773e-01
8.773000e-02	8.640360e-02
8.774000e-02	9.875898e-03
8.775000e-02	-1.005327e-01
8.776000e-02	-2.286033e-01
8.777000e-02	-3.418518e-01
8.778000e-02	-4.140012e-01
8.779000e-02	-4.353497e-01
8.780000e-02	-4.064779e-01
8.781000e-02	-3.325264e-01
8.782000e-02	-2.290066e-01
8.783000e-02	-1.267086e-01
8.784000e-02	-5.803605e-02
8.785000e-02	-3.047996e-02
8.786000e-02	-1.510453e-02
8.787000e-02	3.241127e-02
8.788000e-02	1.342961e-01
8.789000e-02	2.707773e-01
8.790000e-02	3.935466e-01
8.791000e-02	4.566242e-01
8.792000e-02	4.385749e-01
8.793000e-02	3.467431e-01
8.794000e-02	2.114560e-01
8.795000e-02	7.655700e-02
8.796000e-02	-1.663435e-02
8.797000e-02	-5.080508e-02
8.798000e-02	-4.396200e-02
8.799000e-02	-3.450588e-02
8.800000e-02	-4.749639e-02
8.801000e-02	-7.290065e-02
8.802000e-02	-7.890010e-02
8.803000e-02	-4.790845e-02
8.804000e-02	1.817729e-03
8.805000e-02	3.114277e-02
8.806000e-02	1.491731e-02
8.807000e-02	-3.948509e-02
8.808000e-02	-1.060497e-01
8.809000e-02	-1.674250e-01
8.810000e-02	-2.258738e-01
8.811000e-02	-2.902423e-01
8.812000e-02	-3.579618e-01
8.813000e-02	-4.128627e-01
8.814000e-02	-4.388514e-01
8.815000e-02	-4.328863e-01
8.816000e-02	-4.052720e-01
8.817000e-02	-3.712254e-01
8.818000e-02	-3.445055e-01
8.819000e-02	-3.363112e-01
8.820000e-02	-3.537846e-01
8.821000e-02	-3.945588e-01
8.822000e-02	-4.428202e-01
8.823000e-02	-4.748089e-01
8.824000e-02	-4.727415e-01
8.825000e-02	-4.358439e-01
8.826000e-02	-3.781162e-01
8.827000e-02	-3.146751e-01
8.828000e-02	-2.494558e-01
8.829000e-02	-1.754049e-01
8.830000e-02	-8.596964e-02
8.831000e-02	1.378548e-02
8.832000e-02	1.068513e-01
8.833000e-02	1.744774e-01
8.834000e-02	2.075836e-01
8.835000e-02	2.105862e-01
8.836000e-02	1.965417e-01
8.837000e-02	1.787268e-01
8.838000e-02	1.637341e-01
8.839000e-02	1.480725e-01
8.840000e-02	1.192553e-01
8.841000e-02	6.291488e-02
8.842000e-02	-2.524908e-02
8.843000e-02	-1.302124e-01
8.844000e-02	-2.208615e-01
8.845000e-02	-2.671151e-01
8.846000e-02	-2.588123e-01
8.847000e-02	-2.103220e-01
8.848000e-02	-1.472834e-01
8.849000e-02	-8.889999e-02
8.850000e-02	-4.198423e-02
8.851000e-02	-8.180138e-03
8.852000e-02	8.928704e-03
8.853000e-02	7.058689e-03
8.854000e-02	-7.192681e-03
8.855000e-02	-1.999972e-02
8.856000e-02	-2.266405e-02
8.857000e-02	-1.974555e-02
8.858000e-02	-2.037554e-02
8.859000e-02	-2.107489e-02
8.860000e-02	-2.093351e-03
8.861000e-02	5.395839e-02
8.862000e-02	1.393438e-01
8.863000e-02	2.206504e-01
8.864000e-02	2.642563e-01
8.865000e-02	2.630816e-01
8.866000e-02	2.381980e-01
8.867000e-02	2.157357e-01
8.868000e-02	2.041119e-01
8.869000e-02	1.926877e-01
8.870000e-02	1.684565e-01
8.871000e-02	1.313145e-01
8.872000e-02	9.512590e-02
8.873000e-02	7.775754e-02
8.874000e-02	8.959692e-02
8.875000e-02	1.260424e-01
8.876000e-02	1.668342e-01
8.877000e-02	1.862400e-01
8.878000e-02	1.729844e-01
8.879000e-02	1.454780e-01
8.880000e-02	1.432365e-01
8.881000e-02	1.941229e-01
8.882000e-02	2.851072e-01
8.883000e-02	3.679754e-01
8.884000e-02	3.990155e-01
8.885000e-02	3.749464e-01
8.886000e-02	3.290692e-01
8.887000e-02	2.934347e-01
8.888000e-02	2.687817e-01
8.889000e-02	2.329735e-01
8.890000e-02	1.739137e-01
8.891000e-02	1.069780e-01
8.892000e-02	5.865578e-02
8.893000e-02	3.876378e-02
8.894000e-02	3.403576e-02
8.895000e-02	2.669666e-02
8.896000e-02	1.202097e-02
8.897000e-02	-5.019426e-03
8.898000e-02	-2.387387e-02
8.899000e-02	-5.046106e-02
8.900000e-02	-8.445310e-02
8.901000e-02	-1.125401e-01
8.902000e-02	-1.215467e-01
8.903000e-02	-1.164230e-01
8.904000e-02	-1.172600e-01
8.905000e-02	-1.345043e-01
8.906000e-02	-1.521552e-01
8.907000e-02	-1.436134e-01
8.908000e-02	-1.059972e-01
8.909000e-02	-7.254224e-02
8.910000e-02	-8.381976e-02
8.911000e-02	-1.455007e-01
8.912000e-02	-2.188465e-01
8.913000e-02	-2.567430e-01
8.914000e-02	-2.490452e-01
8.915000e-02	-2.306808e-01
8.916000e-02	-2.453091e-01
8.917000e-02	-3.028069e-01
8.918000e-02	-3.723495e-01
8.919000e-02	-4.137299e-01
8.920000e-02	-4.117345e-01
8.921000e-02	-3.802786e-01
8.922000e-02	-3.382010e-01
8.923000e-02	-2.873048e-01
8.924000e-02	-2.167263e-01
8.925000e-02	-1.264511e-01
8.926000e-02	-4.152523e-02
8.927000e-02	1.250993e-03
8.928000e-02	-1.710745e-02
8.929000e-02	-8.069596e-02
8.930000e-02	-1.508425e-01
8.931000e-02	-1.955442e-01
8.932000e-02	-2.085443e-01
8.933000e-02	-2.026736e-01
8.934000e-02	-1.885284e-01
8.935000e-02	-1.623590e-01
8.936000e-02	-1.142327e-01
8.937000e-02	-4.490439e-02
8.938000e-02	2.776488e-02
8.939000e-02	7.854069e-02
8.940000e-02	8.963281e-02
8.941000e-02	5.812575e-02
8.942000e-02	-4.916095e-03
8.943000e-02	-7.767691e-02
8.944000e-02	-1.325796e-01
8.945000e-02	-1.480694e-01
8.946000e-02	-1.247387e-01
8.947000e-02	-9.035802e-02
8.948000e-02	-8.116267e-02
8.949000e-02	-1.100846e-01
8.950000e-02	-1.521261e-01
8.951000e-02	-1.656861e-01
8.952000e-02	-1.327483e-01
8.953000e-02	-7.855418e-02
8.954000e-02	-4.989162e-02
8.955000e-02	-7.281809e-02
8.956000e-02	-1.308992e-01
8.957000e-02	-1.828105e-01
8.958000e-02	-1.991232e-01
8.959000e-02	-1.837356e-01
8.960000e-02	-1.661165e-01
8.961000e-02	-1.785871e-01
8.962000e-02	-2.391792e-01
8.963000e-02	-3.466735e-01
8.964000e-02	-4.826638e-01
8.965000e-02	-6.170662e-01
8.966000e-02	-7.179873e-01
8.967000e-02	-7.633727e-01
8.968000e-02	-7.466474e-01
8.969000e-02	-6.735078e-01
8.970000e-02	-5.578561e-01
8.971000e-02	-4.245836e-01
8.972000e-02	-3.123031e-01
8.973000e-02	-2.607022e-01
8.974000e-02	-2.827291e-01
8.975000e-02	-3.469515e-01
8.976000e-02	-3.956714e-01
8.977000e-02	-3.902101e-01
8.978000e-02	-3.414776e-01
8.979000e-02	-2.935896e-01
8.980000e-02	-2.761132e-01
8.981000e-02	-2.745000e-01
8.982000e-02	-2.485638e-01
8.983000e-02	-1.767379e-01
8.984000e-02	-7.823401e-02
8.985000e-02	6.669230e-03
8.986000e-02	5.175815e-02
8.987000e-02	5.820343e-02
8.988000e-02	4.071826e-02
8.989000e-02	1.204734e-02
8.990000e-02	-1.574854e-02
8.991000e-02	-2.459668e-02
8.992000e-02	9.449321e-04
8.993000e-02	5.303746e-02
8.994000e-02	9.490015e-02
8.995000e-02	8.560827e-02
8.996000e-02	1.542573e-02
8.997000e-02	-8.361445e-02
8.998000e-02	-1.622112e-01
8.999000e-02	-1.877338e-01
9.000000e-02	-1.567504e-01
9.001000e-02	-8.350494e-02
9.002000e-02	1.376253e-02
9.003000e-02	1.138233e-01
9.004000e-02	1.897174e-01
9.005000e-02	2.171531e-01
9.006000e-02	1.901000e-01
9.007000e-02	1.243543e-01
9.008000e-02	4.178982e-02
9.009000e-02	-4.723325e-02
9.010000e-02	-1.421719e-01
9.011000e-02	-2.350050e-01
9.012000e-02	-3.031478e-01
9.013000e-02	-3.274437e-01
9.014000e-02	-3.171651e-01
9.015000e-02	-3.100173e-01
9.016000e-02	-3.403049e-01
9.017000e-02	-4.052847e-01
9.018000e-02	-4.649958e-01
9.019000e-02	-4.770583e-01
9.020000e-02	-4.323681e-01
9.021000e-02	-3.586436e-01
9.022000e-02	-2.926208e-01
9.023000e-02	-2.500408e-01
9.024000e-02	-2.182155e-01
9.025000e-02	-1.704253e-01
9.026000e-02	-8.526378e-02
9.027000e-02	4.082032e-02
9.028000e-02	1.884941e-01
9.029000e-02	3.182292e-01
9.030000e-02	3.857132e-01
9.031000e-02	3.689628e-01
9.032000e-02	2.896340e-01
9.033000e-02	2.055392e-01
9.034000e-02	1.720431e-01
9.035000e-02	2.010700e-01
9.036000e-02	2.540652e-01
9.037000e-02	2.763848e-01
9.038000e-02	2.419234e-01
9.039000e-02	1.681233e-01
9.040000e-02	9.200221e-02
9.041000e-02	3.522129e-02
9.042000e-02	-7.772638e-03
9.043000e-02	-5.270393e-02
9.044000e-02	-1.029354e-01
9.045000e-02	-1.449566e-01
9.046000e-02	-1.616087e-01
9.047000e-02	-1.451966e-01
9.048000e-02	-9.883371e-02
9.049000e-02	-3.116116e-02
9.050000e-02	4.595601e-02
9.051000e-02	1.174338e-01
9.052000e-02	1.698893e-01
9.053000e-02	2.001308e-01
9.054000e-02	2.152952e-01
9.055000e-02	2.193264e-01
9.056000e-02	2.000888e-01
9.057000e-02	1.373864e-01
9.058000e-02	3.034936e-02
9.059000e-02	-8.479839e-02
9.060000e-02	-1.528248e-01
9.061000e-02	-1.430009e-01
9.062000e-02	-7.627358e-02
9.063000e-02	-6.972543e-03
9.064000e-02	2.367048e-02
9.065000e-02	1.589137e-02
9.066000e-02	-3.099849e-03
9.067000e-02	-1.406066e-02
9.068000e-02	-2.018977e-02
9.069000e-02	-2.959511e-02
9.070000e-02	-3.368876e-02
9.071000e-02	-1.142833e-02
9.072000e-02	4.576876e-02
9.073000e-02	1.202117e-01
9.074000e-02	1.825977e-01
9.075000e-02	2.172828e-01
9.076000e-02	2.292102e-01
9.077000e-02	2.286702e-01
9.078000e-02	2.170995e-01
9.079000e-02	1.916650e-01
9.080000e-02	1.582229e-01
9.081000e-02	1.304722e-01
9.082000e-02	1.133116e-01
9.083000e-02	9.242505e-02
9.084000e-02	4.656611e-02
9.085000e-02	-2.963659e-02
9.086000e-02	-1.185310e-01
9.087000e-02	-1.949471e-01
9.088000e-02	-2.444196e-01
9.089000e-02	-2.645944e-01
9.090000e-02	-2.557025e-01
9.091000e-02	-2.202322e-01
9.092000e-02	-1.748606e-01
9.093000e-02	-1.536642e-01
9.094000e-02	-1.869839e-01
9.095000e-02	-2.723421e-01
9.096000e-02	-3.708565e-01
9.097000e-02	-4.381906e-01
9.098000e-02	-4.596370e-01
9.099000e-02	-4.530907e-01
9.100000e-02	-4.404303e-01
9.101000e-02	-4.232240e-01
9.102000e-02	-3.900193e-01
9.103000e-02	-3.417820e-01
9.104000e-02	-3.004555e-01
9.105000e-02	-2.888454e-01
9.106000e-02	-3.070618e-01
9.107000e-02	-3.346348e-01
9.108000e-02	-3.546732e-01
9.109000e-02	-3.695493e-01
9.110000e-02	-3.897328e-01
9.111000e-02	-4.115576e-01
9.112000e-02	-4.126926e-01
9.113000e-02	-3.716049e-01
9.114000e-02	-2.890449e-01
9.115000e-02	-1.890772e-01
9.116000e-02	-1.010913e-01
9.117000e-02	-4.176763e-02
9.118000e-02	-1.017920e-02
9.119000e-02	6.068988e-03
9.120000e-02	2.075531e-02
9.121000e-02	3.807104e-02
9.122000e-02	4.469490e-02
9.123000e-02	1.455217e-02
9.124000e-02	-6.926921e-02
9.125000e-02	-1.906945e-01
9.126000e-02	-3.017903e-01
9.127000e-02	-3.568618e-01
9.128000e-02	-3.516035e-01
9.129000e-02	-3.275533e-01
9.130000e-02	-3.340226e-01
9.131000e-02	-3.839315e-01
9.132000e-02	-4.466834e-01
9.133000e-02	-4.814742e-01
9.134000e-02	-4.729293e-01
9.135000e-02	-4.337821e-01
9.136000e-02	-3.798487e-01
9.137000e-02	-3.115152e-01
9.138000e-02	-2.218143e-01
9.139000e-02	-1.158912e-01
9.140000e-02	-1.462327e-02
9.141000e-02	6.215520e-02
9.142000e-02	1.117631e-01
9.143000e-02	1.460302e-01
9.144000e-02	1.759997e-01
9.145000e-02	2.030849e-01
9.146000e-02	2.237520e-01
9.147000e-02	2.372543e-01
9.148000e-02	2.460878e-01
9.149000e-02	2.525416e-01
9.150000e-02	2.597267e-01
9.151000e-02	2.748875e-01
9.152000e-02	3.047418e-01
9.153000e-02	3.427009e-01
9.154000e-02	3.641843e-01
9.155000e-02	3.435335e-01
9.156000e-02	2.815484e-01
9.157000e-02	2.146900e-01
9.158000e-02	1.909054e-01
9.159000e-02	2.312623e-01
9.160000e-02	3.132160e-01
9.161000e-02	3.905809e-01
9.162000e-02	4.294148e-01
9.163000e-02	4.265831e-01
9.164000e-02	3.995023e-01
9.165000e-02	3.647126e-01
9.166000e-02	3.284811e-01
9.167000e-02	2.935808e-01
9.168000e-02	2.679431e-01
9.169000e-02	2.624223e-01
9.170000e-02	2.801612e-01
9.171000e-02	3.095731e-01
9.172000e-02	3.282196e-01
9.173000e-02	3.143252e-01
9.174000e-02	2.577061e-01
9.175000e-02	1.641981e-01
9.176000e-02	5.212309e-02
9.177000e-02	-5.703214e-02
9.178000e-02	-1.482905e-01
9.179000e-02	-2.164391e-01
9.180000e-02	-2.602895e-01
9.181000e-02	-2.739530e-01
9.182000e-02	-2.456394e-01
9.183000e-02	-1.679995e-01
9.184000e-02	-5.137722e-02
9.185000e-02	7.406340e-02
9.186000e-02	1.724241e-01
9.187000e-02	2.223548e-01
9.188000e-02	2.274359e-01
9.189000e-02	2.092917e-01
9.190000e-02	1.905108e-01
9.191000e-02	1.812396e-01
9.192000e-02	1.781217e-01
9.193000e-02	1.737087e-01
9.194000e-02	1.674491e-01
9.195000e-02	1.694270e-01
9.196000e-02	1.935442e-01
9.197000e-02	2.444169e-01
9.198000e-02	3.079160e-01
9.199000e-02	3.545627e-01
9.200000e-02	3.562266e-01
9.201000e-02	3.050034e-01
9.202000e-02	2.189903e-01
9.203000e-02	1.288010e-01
9.204000e-02	5.493634e-02
9.205000e-02	-4.891962e-03
9.206000e-02	-6.708561e-02
9.207000e-02	-1.395481e-01
9.208000e-02	-2.058916e-01
9.209000e-02	-2.323653e-01
9.210000e-02	-1.935902e-01
9.211000e-02	-9.555618e-02
9.212000e-02	2.486114e-02
9.213000e-02	1.249554e-01
9.214000e-02	1.853687e-01
9.215000e-02	2.192006e-01
9.216000e-02	2.548404e-01
9.217000e-02	3.094181e-01
9.218000e-02	3.762693e-01
9.219000e-02	4.344036e-01
9.220000e-02	4.672688e-01
9.221000e-02	4.728091e-01
9.222000e-02	4.597100e-01
9.223000e-02	4.389379e-01
9.224000e-02	4.196164e-01
9.225000e-02	4.077997e-01
9.226000e-02	4.024147e-01
9.227000e-02	3.908683e-01
9.228000e-02	3.544653e-01
9.229000e-02	2.861663e-01
9.230000e-02	2.061757e-01
9.231000e-02	1.564111e-01
9.232000e-02	1.731920e-01
9.233000e-02	2.605037e-01
9.234000e-02	3.871373e-01
9.235000e-02	5.074847e-01
9.236000e-02	5.844868e-01
9.237000e-02	5.978477e-01
9.238000e-02	5.423372e-01
9.239000e-02	4.301173e-01
9.240000e-02	2.962605e-01
9.241000e-02	1.907880e-01
9.242000e-02	1.503671e-01
9.243000e-02	1.705741e-01
9.244000e-02	2.088941e-01
9.245000e-02	2.208692e-01
9.246000e-02	1.951331e-01
9.247000e-02	1.521491e-01
9.248000e-02	1.115274e-01
9.249000e-02	6.846760e-02
9.250000e-02	7.576807e-03
9.251000e-02	-6.507397e-02
9.252000e-02	-1.160667e-01
9.253000e-02	-1.192726e-01
9.254000e-02	-9.345093e-02
9.255000e-02	-9.455026e-02
9.256000e-02	-1.621285e-01
9.257000e-02	-2.732315e-01
9.258000e-02	-3.545784e-01
9.259000e-02	-3.447415e-01
9.260000e-02	-2.460061e-01
9.261000e-02	-1.168035e-01
9.262000e-02	-1.637324e-02
9.263000e-02	4.200527e-02
9.264000e-02	8.816246e-02
9.265000e-02	1.543788e-01
9.266000e-02	2.413891e-01
9.267000e-02	3.197151e-01
9.268000e-02	3.562049e-01
9.269000e-02	3.367485e-01
9.270000e-02	2.694573e-01
9.271000e-02	1.747502e-01
9.272000e-02	7.505367e-02
9.273000e-02	-1.179049e-02
9.274000e-02	-7.750580e-02
9.275000e-02	-1.254809e-01
9.276000e-02	-1.656988e-01
9.277000e-02	-2.044360e-01
9.278000e-02	-2.390527e-01
9.279000e-02	-2.651013e-01
9.280000e-02	-2.886464e-01
9.281000e-02	-3.279130e-01
9.282000e-02	-3.980996e-01
9.283000e-02	-4.926787e-01
9.284000e-02	-5.815587e-01
9.285000e-02	-6.312386e-01
9.286000e-02	-6.296595e-01
9.287000e-02	-5.928211e-01
9.288000e-02	-5.477374e-01
9.289000e-02	-5.088103e-01
9.290000e-02	-4.695256e-01
9.291000e-02	-4.150766e-01
9.292000e-02	-3.417737e-01
9.293000e-02	-2.648688e-01
9.294000e-02	-2.092046e-01
9.295000e-02	-1.923876e-01
9.296000e-02	-2.142246e-01
9.297000e-02	-2.584405e-01
9.298000e-02	-3.028387e-01
9.299000e-02	-3.301583e-01
9.300000e-02	-3.341205e-01
9.301000e-02	-3.191744e-01
9.302000e-02	-2.953195e-01
9.303000e-02	-2.709557e-01
9.304000e-02	-2.472904e-01
9.305000e-02	-2.170459e-01
9.306000e-02	-1.682390e-01
9.307000e-02	-9.179094e-02
9.308000e-02	9.831094e-03
9.309000e-02	1.173943e-01
9.310000e-02	1.985491e-01
9.311000e-02	2.228604e-01
9.312000e-02	1.822245e-01
9.313000e-02	1.021687e-01
9.314000e-02	3.136104e-02
9.315000e-02	1.225166e-02
9.316000e-02	5.341222e-02
9.317000e-02	1.256332e-01
9.318000e-02	1.844429e-01
9.319000e-02	1.988186e-01
9.320000e-02	1.626758e-01
9.321000e-02	8.544765e-02
9.322000e-02	-2.119063e-02
9.323000e-02	-1.444703e-01
9.324000e-02	-2.634892e-01
9.325000e-02	-3.511407e-01
9.326000e-02	-3.914021e-01
9.327000e-02	-3.963639e-01
9.328000e-02	-4.020353e-01
9.329000e-02	-4.420435e-01
9.330000e-02	-5.217879e-01
9.331000e-02	-6.156087e-01
9.332000e-02	-6.866462e-01
9.333000e-02	-7.096956e-01
9.334000e-02	-6.810288e-01
9.335000e-02	-6.162575e-01
9.336000e-02	-5.446801e-01
9.337000e-02	-5.007706e-01
9.338000e-02	-5.080980e-01
9.339000e-02	-5.610657e-01
9.340000e-02	-6.224944e-01
9.341000e-02	-6.473760e-01
9.342000e-02	-6.164189e-01
9.343000e-02	-5.475943e-01
9.344000e-02	-4.729657e-01
9.345000e-02	-4.047443e-01
9.346000e-02	-3.271699e-01
9.347000e-02	-2.225417e-01
9.348000e-02	-1.013157e-01
9.349000e-02	-1.678376e-03
9.350000e-02	4.157366e-02
9.351000e-02	2.580236e-02
9.352000e-02	-2.081979e-02
9.353000e-02	-6.394553e-02
9.354000e-02	-8.238336e-02
9.355000e-02	-6.743548e-02
9.356000e-02	-1.507497e-02
9.357000e-02	7.106555e-02
9.358000e-02	1.690967e-01
9.359000e-02	2.405248e-01
9.360000e-02	2.522581e-01
9.361000e-02	2.010793e-01
9.362000e-02	1.158978e-01
9.363000e-02	3.517903e-02
9.364000e-02	-1.807328e-02
9.365000e-02	-4.216392e-02
9.366000e-02	-4.495779e-02
9.367000e-02	-3.297473e-02
9.368000e-02	-1.264462e-02
9.369000e-02	3.335639e-03
9.370000e-02	-2.447358e-03
9.371000e-02	-4.097671e-02
9.372000e-02	-1.065470e-01
9.373000e-02	-1.768220e-01
9.374000e-02	-2.226850e-01
9.375000e-02	-2.212827e-01
9.376000e-02	-1.667579e-01
9.377000e-02	-7.484313e-02
9.378000e-02	2.280128e-02
9.379000e-02	9.497175e-02
9.380000e-02	1.287730e-01
9.381000e-02	1.341893e-01
9.382000e-02	1.302107e-01
9.383000e-02	1.255176e-01
9.384000e-02	1.130295e-01
9.385000e-02	8.255865e-02
9.386000e-02	3.548619e-02
9.387000e-02	-1.608917e-02
9.388000e-02	-6.382979e-02
9.389000e-02	-1.126653e-01
9.390000e-02	-1.731541e-01
9.391000e-02	-2.456489e-01
9.392000e-02	-3.146844e-01
9.393000e-02	-3.589764e-01
9.394000e-02	-3.645064e-01
9.395000e-02	-3.276993e-01
9.396000e-02	-2.510780e-01
9.397000e-02	-1.430178e-01
9.398000e-02	-2.408741e-02
9.399000e-02	7.150263e-02
9.400000e-02	1.091524e-01
9.401000e-02	7.480111e-02
9.402000e-02	-1.443853e-02
9.403000e-02	-1.190083e-01
9.404000e-02	-1.962903e-01
9.405000e-02	-2.161172e-01
9.406000e-02	-1.677610e-01
9.407000e-02	-6.322259e-02
9.408000e-02	6.183134e-02
9.409000e-02	1.565036e-01
9.410000e-02	1.765879e-01
9.411000e-02	1.095658e-01
9.412000e-02	-1.626427e-02
9.413000e-02	-1.473019e-01
9.414000e-02	-2.339705e-01
9.415000e-02	-2.539638e-01
9.416000e-02	-2.177781e-01
9.417000e-02	-1.584754e-01
9.418000e-02	-1.136508e-01
9.419000e-02	-1.070069e-01
9.420000e-02	-1.373720e-01
9.421000e-02	-1.832822e-01
9.422000e-02	-2.231725e-01
9.423000e-02	-2.563088e-01
9.424000e-02	-3.041489e-01
9.425000e-02	-3.876798e-01
9.426000e-02	-5.010724e-01
9.427000e-02	-6.086683e-01
9.428000e-02	-6.706365e-01
9.429000e-02	-6.740883e-01
9.430000e-02	-6.412173e-01
9.431000e-02	-6.087883e-01
9.432000e-02	-5.989219e-01
9.433000e-02	-6.047248e-01
9.434000e-02	-5.976111e-01
9.435000e-02	-5.468081e-01
9.436000e-02	-4.382037e-01
9.437000e-02	-2.838918e-01
9.438000e-02	-1.172648e-01
9.439000e-02	2.620683e-02
9.440000e-02	1.311379e-01
9.441000e-02	2.080730e-01
9.442000e-02	2.744155e-01
9.443000e-02	3.275688e-01
9.444000e-02	3.407276e-01
9.445000e-02	2.915548e-01
9.446000e-02	1.967896e-01
9.447000e-02	1.134987e-01
9.448000e-02	9.889645e-02
9.449000e-02	1.643618e-01
9.450000e-02	2.671083e-01
9.451000e-02	3.454799e-01
9.452000e-02	3.624612e-01
9.453000e-02	3.205706e-01
9.454000e-02	2.459692e-01
9.455000e-02	1.673024e-01
9.456000e-02	1.075710e-01
9.457000e-02	8.323443e-02
9.458000e-02	9.870100e-02
9.459000e-02	1.406870e-01
9.460000e-02	1.865917e-01
9.461000e-02	2.252179e-01
9.462000e-02	2.671007e-01
9.463000e-02	3.281233e-01
9.464000e-02	4.020070e-01
9.465000e-02	4.554008e-01
9.466000e-02	4.565607e-01
9.467000e-02	4.084892e-01
9.468000e-02	3.486156e-01
9.469000e-02	3.131832e-01
9.470000e-02	3.044859e-01
9.471000e-02	2.957253e-01
9.472000e-02	2.653916e-01
9.473000e-02	2.211218e-01
9.474000e-02	1.880717e-01
9.475000e-02	1.787076e-01
9.476000e-02	1.797052e-01
9.477000e-02	1.682574e-01
9.478000e-02	1.358831e-01
9.479000e-02	9.305388e-02
9.480000e-02	5.382307e-02
9.481000e-02	2.176074e-02
9.482000e-02	-7.823446e-03
9.483000e-02	-3.646707e-02
9.484000e-02	-5.787116e-02
9.485000e-02	-6.380869e-02
9.486000e-02	-5.087406e-02
9.487000e-02	-2.046061e-02
9.488000e-02	2.427778e-02
9.489000e-02	7.784626e-02
9.490000e-02	1.300801e-01
9.491000e-02	1.692932e-01
9.492000e-02	1.909213e-01
9.493000e-02	2.019759e-01
9.494000e-02	2.146130e-01
9.495000e-02	2.355290e-01
9.496000e-02	2.637124e-01
9.497000e-02	2.982128e-01
9.498000e-02	3.436541e-01
9.499000e-02	4.034205e-01
9.500000e-02	4.674043e-01
9.501000e-02	5.111567e-01
9.502000e-02	5.118606e-01
9.503000e-02	4.663308e-01
9.504000e-02	3.920977e-01
9.505000e-02	3.105923e-01
9.506000e-02	2.307514e-01
9.507000e-02	1.496485e-01
9.508000e-02	6.689558e-02
9.509000e-02	-4.949859e-03
9.510000e-02	-4.554644e-02
9.511000e-02	-4.170615e-02
9.512000e-02	2.069123e-03
9.513000e-02	6.476301e-02
9.514000e-02	1.185442e-01
9.515000e-02	1.409925e-01
9.516000e-02	1.261815e-01
9.517000e-02	9.017797e-02
9.518000e-02	6.416310e-02
9.519000e-02	7.406946e-02
9.520000e-02	1.198103e-01
9.521000e-02	1.741117e-01
9.522000e-02	2.065844e-01
9.523000e-02	2.126804e-01
9.524000e-02	2.179503e-01
9.525000e-02	2.505868e-01
9.526000e-02	3.092047e-01
9.527000e-02	3.606972e-01
9.528000e-02	3.726001e-01
9.529000e-02	3.464070e-01
9.530000e-02	3.151435e-01
9.531000e-02	3.063326e-01
9.532000e-02	3.101426e-01
9.533000e-02	2.883753e-01
9.534000e-02	2.154813e-01
9.535000e-02	1.063394e-01
9.536000e-02	-1.209370e-03
9.537000e-02	-9.076586e-02
9.538000e-02	-1.883112e-01
9.539000e-02	-3.326970e-01
9.540000e-02	-5.240651e-01
9.541000e-02	-7.054440e-01
9.542000e-02	-8.002713e-01
9.543000e-02	-7.707571e-01
9.544000e-02	-6.412188e-01
9.545000e-02	-4.686659e-01
9.546000e-02	-2.970324e-01
9.547000e-02	-1.422301e-01
9.548000e-02	-1.367256e-02
9.549000e-02	6.549019e-02
9.550000e-02	7.185871e-02
9.551000e-02	1.540948e-02
9.552000e-02	-5.043193e-02
9.553000e-02	-6.250786e-02
9.554000e-02	4.765865e-03
9.555000e-02	1.263589e-01
9.556000e-02	2.587156e-01
9.557000e-02	3.788776e-01
9.558000e-02	4.884867e-01
9.559000e-02	5.849239e-01
9.560000e-02	6.410012e-01
9.561000e-02	6.221454e-01
9.562000e-02	5.222151e-01
9.563000e-02	3.745491e-01
9.564000e-02	2.232777e-01
9.565000e-02	8.662919e-02
9.566000e-02	-4.734419e-02
9.567000e-02	-1.911334e-01
9.568000e-02	-3.316427e-01
9.569000e-02	-4.378412e-01
9.570000e-02	-4.903239e-01
9.571000e-02	-4.962657e-01
9.572000e-02	-4.746488e-01
9.573000e-02	-4.347537e-01
9.574000e-02	-3.771498e-01
9.575000e-02	-3.141424e-01
9.576000e-02	-2.784208e-01
9.577000e-02	-3.015978e-01
9.578000e-02	-3.830163e-01
9.579000e-02	-4.849763e-01
9.580000e-02	-5.625306e-01
9.581000e-02	-5.972253e-01
9.582000e-02	-6.008376e-01
9.583000e-02	-5.903503e-01
9.584000e-02	-5.664235e-01
9.585000e-02	-5.188647e-01
9.586000e-02	-4.475816e-01
9.587000e-02	-3.698325e-01
9.588000e-02	-3.039086e-01
9.589000e-02	-2.495869e-01
9.590000e-02	-1.895800e-01
9.591000e-02	-1.108264e-01
9.592000e-02	-2.178261e-02
9.593000e-02	5.226992e-02
9.594000e-02	8.941534e-02
9.595000e-02	8.671004e-02
9.596000e-02	6.039667e-02
9.597000e-02	3.596371e-02
9.598000e-02	3.696682e-02
9.599000e-02	7.475339e-02
9.600000e-02	1.393102e-01
9.601000e-02	1.980763e-01
9.602000e-02	2.111142e-01
9.603000e-02	1.580046e-01
9.604000e-02	5.624855e-02
9.605000e-02	-4.644613e-02
9.606000e-02	-1.012844e-01
9.607000e-02	-8.501049e-02
9.608000e-02	-5.013273e-03
9.609000e-02	1.137244e-01
9.610000e-02	2.424580e-01
9.611000e-02	3.537944e-01
9.612000e-02	4.242727e-01
9.613000e-02	4.423829e-01
9.614000e-02	4.170323e-01
9.615000e-02	3.738205e-01
9.616000e-02	3.373945e-01
9.617000e-02	3.153378e-01
9.618000e-02	2.998974e-01
9.619000e-02	2.850299e-01
9.620000e-02	2.792573e-01
9.621000e-02	2.998215e-01
9.622000e-02	3.546100e-01
9.623000e-02	4.307790e-01
9.624000e-02	4.999715e-01
9.625000e-02	5.325702e-01
9.626000e-02	5.084168e-01
9.627000e-02	4.212948e-01
9.628000e-02	2.825126e-01
9.629000e-02	1.235627e-01
9.630000e-02	-1.123763e-02
9.631000e-02	-8.668243e-02
9.632000e-02	-1.001984e-01
9.633000e-02	-8.463705e-02
9.634000e-02	-8.298120e-02
9.635000e-02	-1.149286e-01
9.636000e-02	-1.654712e-01
9.637000e-02	-2.051087e-01
9.638000e-02	-2.201596e-01
9.639000e-02	-2.225897e-01
9.640000e-02	-2.314500e-01
9.641000e-02	-2.480118e-01
9.642000e-02	-2.522812e-01
9.643000e-02	-2.248231e-01
9.644000e-02	-1.707865e-01
9.645000e-02	-1.209261e-01
9.646000e-02	-1.081059e-01
9.647000e-02	-1.416842e-01
9.648000e-02	-2.024746e-01
9.649000e-02	-2.596672e-01
9.650000e-02	-2.915407e-01
9.651000e-02	-2.928120e-01
9.652000e-02	-2.685687e-01
9.653000e-02	-2.273717e-01
9.654000e-02	-1.813968e-01
9.655000e-02	-1.477728e-01
9.656000e-02	-1.412671e-01
9.657000e-02	-1.604963e-01
9.658000e-02	-1.832307e-01
9.659000e-02	-1.820886e-01
9.660000e-02	-1.503848e-01
9.661000e-02	-1.120542e-01
9.662000e-02	-1.006051e-01
9.663000e-02	-1.231928e-01
9.664000e-02	-1.453972e-01
9.665000e-02	-1.163447e-01
9.666000e-02	-1.485847e-02
9.667000e-02	1.256843e-01
9.668000e-02	2.381143e-01
9.669000e-02	2.699386e-01
9.670000e-02	2.172167e-01
9.671000e-02	1.181794e-01
9.672000e-02	1.920988e-02
9.673000e-02	-5.357012e-02
9.674000e-02	-9.766640e-02
9.675000e-02	-1.208639e-01
9.676000e-02	-1.305621e-01
9.677000e-02	-1.331912e-01
9.678000e-02	-1.362298e-01
9.679000e-02	-1.458110e-01
9.680000e-02	-1.634549e-01
9.681000e-02	-1.883493e-01
9.682000e-02	-2.225164e-01
9.683000e-02	-2.697273e-01
9.684000e-02	-3.269619e-01
9.685000e-02	-3.801731e-01
9.686000e-02	-4.147273e-01
9.687000e-02	-4.329378e-01
9.688000e-02	-4.579694e-01
9.689000e-02	-5.143705e-01
9.690000e-02	-6.013848e-01
9.691000e-02	-6.862883e-01
9.692000e-02	-7.263171e-01
9.693000e-02	-6.987895e-01
9.694000e-02	-6.120111e-01
9.695000e-02	-4.915226e-01
9.696000e-02	-3.609760e-01
9.697000e-02	-2.366822e-01
9.698000e-02	-1.333406e-01
9.699000e-02	-6.442114e-02
9.700000e-02	-3.136500e-02
9.701000e-02	-1.569606e-02
9.702000e-02	1.040565e-02
9.703000e-02	6.059581e-02
9.704000e-02	1.215185e-01
9.705000e-02	1.656683e-01
9.706000e-02	1.779376e-01
9.707000e-02	1.690282e-01
9.708000e-02	1.632827e-01
9.709000e-02	1.753698e-01
9.710000e-02	1.998282e-01
9.711000e-02	2.213064e-01
9.712000e-02	2.318055e-01
9.713000e-02	2.374900e-01
9.714000e-02	2.516911e-01
9.715000e-02	2.837618e-01
9.716000e-02	3.328035e-01
9.717000e-02	3.872665e-01
9.718000e-02	4.283369e-01
9.719000e-02	4.375624e-01
9.720000e-02	4.082580e-01
9.721000e-02	3.535628e-01
9.722000e-02	3.016775e-01
9.723000e-02	2.786181e-01
9.724000e-02	2.921082e-01
9.725000e-02	3.302452e-01
9.726000e-02	3.729756e-01
9.727000e-02	4.013513e-01
9.728000e-02	3.959520e-01
9.729000e-02	3.341901e-01
9.730000e-02	2.014773e-01
9.731000e-02	1.293366e-02
9.732000e-02	-1.786871e-01
9.733000e-02	-3.076123e-01
9.734000e-02	-3.388134e-01
9.735000e-02	-2.930096e-01
9.736000e-02	-2.285471e-01
9.737000e-02	-1.963786e-01
9.738000e-02	-2.091056e-01
9.739000e-02	-2.474078e-01
9.740000e-02	-2.879269e-01
9.741000e-02	-3.196467e-01
9.742000e-02	-3.370946e-01
9.743000e-02	-3.292179e-01
9.744000e-02	-2.851120e-01
9.745000e-02	-2.114560e-01
9.746000e-02	-1.371074e-01
9.747000e-02	-9.385978e-02
9.748000e-02	-9.240530e-02
9.749000e-02	-1.205489e-01
9.750000e-02	-1.648350e-01
9.751000e-02	-2.278453e-01
9.752000e-02	-3.178778e-01
9.753000e-02	-4.220945e-01
9.754000e-02	-4.978033e-01
9.755000e-02	-4.995900e-01
9.756000e-02	-4.198786e-01
9.757000e-02	-3.022697e-01
9.758000e-02	-2.117627e-01
9.759000e-02	-1.873671e-01
9.760000e-02	-2.176519e-01
9.761000e-02	-2.559022e-01
9.762000e-02	-2.565669e-01
9.763000e-02	-2.025415e-01
9.764000e-02	-1.084509e-01
9.765000e-02	-6.325768e-03
9.766000e-02	7.271191e-02
9.767000e-02	1.123197e-01
9.768000e-02	1.170361e-01
9.769000e-02	1.082044e-01
9.770000e-02	1.101304e-01
9.771000e-02	1.341186e-01
9.772000e-02	1.719665e-01
9.773000e-02	2.038751e-01
9.774000e-02	2.135479e-01
9.775000e-02	1.981272e-01
9.776000e-02	1.672579e-01
9.777000e-02	1.353450e-01
9.778000e-02	1.137710e-01
9.779000e-02	1.060036e-01
9.780000e-02	1.060661e-01
9.781000e-02	1.021685e-01
9.782000e-02	8.632057e-02
9.783000e-02	6.414384e-02
9.784000e-02	5.441902e-02
9.785000e-02	7.465682e-02
9.786000e-02	1.234741e-01
9.787000e-02	1.767428e-01
9.788000e-02	2.029582e-01
9.789000e-02	1.848124e-01
9.790000e-02	1.284489e-01
9.791000e-02	5.491485e-02
9.792000e-02	-1.528093e-02
9.793000e-02	-7.108276e-02
9.794000e-02	-1.104088e-01
9.795000e-02	-1.359927e-01
9.796000e-02	-1.515354e-01
9.797000e-02	-1.576743e-01
9.798000e-02	-1.494241e-01
9.799000e-02	-1.209500e-01
9.800000e-02	-7.804035e-02
9.801000e-02	-4.519209e-02
9.802000e-02	-5.147437e-02
9.803000e-02	-9.899037e-02
9.804000e-02	-1.430038e-01
9.805000e-02	-1.120136e-01
9.806000e-02	3.881721e-02
9.807000e-02	2.844681e-01
9.808000e-02	5.387415e-01
9.809000e-02	7.121346e-01
9.810000e-02	7.714772e-01
9.811000e-02	7.529678e-01
9.812000e-02	7.229574e-01
9.813000e-02	7.243921e-01
9.814000e-02	7.519117e-01
9.815000e-02	7.673518e-01
9.816000e-02	7.343363e-01
9.817000e-02	6.433455e-01
9.818000e-02	5.143760e-01
9.819000e-02	3.824464e-01
9.820000e-02	2.784321e-01
9.821000e-02	2.157620e-01
9.822000e-02	1.884503e-01
9.823000e-02	1.796668e-01
9.824000e-02	1.737728e-01
9.825000e-02	1.631946e-01
9.826000e-02	1.474728e-01
9.827000e-02	1.295303e-01
9.828000e-02	1.145457e-01
9.829000e-02	1.098964e-01
9.830000e-02	1.210273e-01
9.831000e-02	1.443345e-01
9.832000e-02	1.659182e-01
9.833000e-02	1.712819e-01
9.834000e-02	1.574982e-01
9.835000e-02	1.336098e-01
9.836000e-02	1.077982e-01
9.837000e-02	7.751147e-02
9.838000e-02	3.758339e-02
9.839000e-02	-1.027977e-03
9.840000e-02	-6.665340e-03
9.841000e-02	5.059475e-02
9.842000e-02	1.677969e-01
9.843000e-02	3.017746e-01
9.844000e-02	3.962994e-01
9.845000e-02	4.193731e-01
9.846000e-02	3.774554e-01
9.847000e-02	2.996019e-01
9.848000e-02	2.140445e-01
9.849000e-02	1.396448e-01
9.850000e-02	9.007013e-02
9.851000e-02	7.364564e-02
9.852000e-02	8.461589e-02
9.853000e-02	1.013553e-01
9.854000e-02	1.033505e-01
9.855000e-02	9.326894e-02
9.856000e-02	9.685609e-02
9.857000e-02	1.339750e-01
9.858000e-02	1.882601e-01
9.859000e-02	2.097953e-01
9.860000e-02	1.535315e-01
9.861000e-02	1.925112e-02
9.862000e-02	-1.432651e-01
9.863000e-02	-2.666325e-01
9.864000e-02	-3.061336e-01
9.865000e-02	-2.579766e-01
9.866000e-02	-1.508261e-01
9.867000e-02	-2.607737e-02
9.868000e-02	7.871769e-02
9.869000e-02	1.399812e-01
9.870000e-02	1.527140e-01
9.871000e-02	1.278571e-01
9.872000e-02	8.250927e-02
9.873000e-02	3.064521e-02
9.874000e-02	-1.704488e-02
9.875000e-02	-4.715720e-02
9.876000e-02	-4.506696e-02
9.877000e-02	-1.011238e-02
9.878000e-02	3.011441e-02
9.879000e-02	2.904148e-02
9.880000e-02	-4.378359e-02
9.881000e-02	-1.701003e-01
9.882000e-02	-2.864820e-01
9.883000e-02	-3.265527e-01
9.884000e-02	-2.667292e-01
9.885000e-02	-1.360445e-01
9.886000e-02	1.481243e-02
9.887000e-02	1.525410e-01
9.888000e-02	2.731727e-01
9.889000e-02	3.837536e-01
9.890000e-02	4.807340e-01
9.891000e-02	5.494790e-01
9.892000e-02	5.812131e-01
9.893000e-02	5.838038e-01
9.894000e-02	5.723345e-01
9.895000e-02	5.509998e-01
9.896000e-02	5.089715e-01
9.897000e-02	4.368973e-01
9.898000e-02	3.460030e-01
9.899000e-02	2.665132e-01
9.900000e-02	2.230250e-01
9.901000e-02	2.098271e-01
9.902000e-02	1.918555e-01
9.903000e-02	1.331514e-01
9.904000e-02	2.779527e-02
9.905000e-02	-9.471171e-02
9.906000e-02	-1.936462e-01
9.907000e-02	-2.475127e-01
9.908000e-02	-2.632518e-01
9.909000e-02	-2.587334e-01
9.910000e-02	-2.385998e-01
9.911000e-02	-1.878704e-01
9.912000e-02	-8.851431e-02
9.913000e-02	5.797191e-02
9.914000e-02	2.230331e-01
9.915000e-02	3.645463e-01
9.916000e-02	4.498810e-01
9.917000e-02	4.725007e-01
9.918000e-02	4.540186e-01
9.919000e-02	4.332882e-01
9.920000e-02	4.485242e-01
9.921000e-02	5.195106e-01
9.922000e-02	6.378538e-01
9.923000e-02	7.715006e-01
9.924000e-02	8.818166e-01
9.925000e-02	9.416432e-01
9.926000e-02	9.414664e-01
9.927000e-02	8.821656e-01
9.928000e-02	7.663177e-01
9.929000e-02	6.004634e-01
9.930000e-02	4.061091e-01
9.931000e-02	2.234227e-01
9.932000e-02	9.559595e-02
9.933000e-02	4.182739e-02
9.934000e-02	4.223697e-02
9.935000e-02	5.111567e-02
9.936000e-02	3.058117e-02
9.937000e-02	-2.193924e-02
9.938000e-02	-7.406387e-02
9.939000e-02	-8.477920e-02
9.940000e-02	-3.452324e-02
9.941000e-02	6.329925e-02
9.942000e-02	1.742107e-01
9.943000e-02	2.648223e-01
9.944000e-02	3.181053e-01
9.945000e-02	3.346107e-01
9.946000e-02	3.249825e-01
9.947000e-02	3.030961e-01
9.948000e-02	2.834467e-01
9.949000e-02	2.790082e-01
9.950000e-02	2.952399e-01
9.951000e-02	3.227718e-01
9.952000e-02	3.374074e-01
9.953000e-02	3.128886e-01
9.954000e-02	2.401597e-01
9.955000e-02	1.377554e-01
9.956000e-02	4.234933e-02
9.957000e-02	-1.520475e-02
9.958000e-02	-2.949164e-02
9.959000e-02	-2.001513e-02
9.960000e-02	-1.249208e-02
9.961000e-02	-1.950787e-02
9.962000e-02	-3.653790e-02
9.963000e-02	-5.307899e-02
9.964000e-02	-6.477855e-02
9.965000e-02	-7.449191e-02
9.966000e-02	-8.408964e-02
9.967000e-02	-8.854634e-02
9.968000e-02	-7.957587e-02
9.969000e-02	-5.437703e-02
9.970000e-02	-1.993979e-02
9.971000e-02	1.030484e-02
9.972000e-02	2.201674e-02
9.973000e-02	2.116677e-03
9.974000e-02	-6.030004e-02
9.975000e-02	-1.682025e-01
9.976000e-02	-3.065494e-01
9.977000e-02	-4.383906e-01
9.978000e-02	-5.172123e-01
9.979000e-02	-5.117970e-01
9.980000e-02	-4.259353e-01
9.981000e-02	-2.968977e-01
9.982000e-02	-1.736364e-01
9.983000e-02	-9.161614e-02
9.984000e-02	-6.076055e-02
9.985000e-02	-6.895753e-02
9.986000e-02	-9.220712e-02
9.987000e-02	-1.041561e-01
9.988000e-02	-8.557885e-02
9.989000e-02	-3.500393e-02
9.990000e-02	2.603381e-02
9.991000e-02	6.261980e-02
9.992000e-02	4.934481e-02
9.993000e-02	-1.081963e-02
9.994000e-02	-8.960470e-02
9.995000e-02	-1.571312e-01
9.996000e-02	-2.043993e-01
9.997000e-02	-2.440075e-01
9.998000e-02	-2.910979e-01
9.999000e-02	-3.459033e-01
